CustomerID,CountryID
15000,4414-5
15001,3348-5
15002,3309-3
15003,2214-1
15004,3330-3
15005,5514-2
15006,2239-1
15007,1136-5
15008,1142-1
15009,3309-5
15010,1141-3
15011,5501-4
15012,2226-5
15013,3342-5
15014,2228-2
15015,3350-4
15016,1143-2
15017,1134-6
15018,3337-2
15019,2237-4
15020,2207-3
15021,4403-6
15022,3318-5
15023,1116-3
15024,1136-1
15025,1113-5
15026,2301-5
15027,3401-2
15028,5520-3
15029,1147-5
15030,2240-6
15031,4412-3
15032,3308-2
15033,4413-1
15034,2213-4
15035,1104-5
15036,4404-5
15037,2257-1
15038,4409-3
15039,2226-4
15040,1137-4
15041,6609-4
15042,1303-3
15043,2205-2
15044,3314-5
15045,6611-1
15046,1106-5
15047,2244-1
15048,2216-1
15049,4412-1
15050,3328-5
15051,2229-3
15052,5510-2
15053,3337-3
15054,1136-3
15055,2239-4
15056,1135-3
15057,2209-1
15058,5518-4
15059,2226-5
15060,2230-5
15061,2242-3
15062,2203-4
15063,2206-1
15064,3331-2
15065,1129-3
15066,3346-1
15067,3318-4
15068,5504-3
15069,2240-2
15070,2225-3
15071,2254-5
15072,4403-3
15073,3333-1
15074,1103-5
15075,1121-2
15076,2206-2
15077,4406-1
15078,1132-3
15079,2255-4
15080,5519-5
15081,1106-3
15082,3326-5
15083,1106-2
15084,1114-4
15085,1121-1
15086,6608-3
15087,5510-1
15088,2229-6
15089,3305-5
15090,1201-2
15091,1117-4
15092,5518-1
15093,3316-4
15094,2223-3
15095,1120-4
15096,2253-1
15097,1201-1
15098,2240-1
15099,1137-2
15100,1119-3
15101,1114-2
15102,3334-4
15103,2221-4
15104,1117-4
15105,1120-2
15106,3322-3
15107,2258-4
15108,5506-6
15109,3340-1
15110,6610-4
15111,2255-2
15112,3301-4
15113,1124-2
15114,5521-2
15115,2301-1
15116,5001-4
15117,3342-5
15118,4404-5
15119,3306-2
15120,2206-2
15121,1110-1
15122,3323-3
15123,5504-1
15124,1107-5
15125,5518-1
15126,2242-2
15127,1101-2
15128,2206-1
15129,1106-1
15130,1105-5
15131,1301-3
15132,1002-4
15133,1131-4
15134,3315-2
15135,2223-4
15136,2247-3
15137,6606-5
15138,3337-4
15139,2215-5
15140,2237-4
15141,1126-5
15142,4402-6
15143,5513-1
15144,1127-3
15145,3401-3
15146,1303-2
15147,3309-2
15148,5508-1
15149,3312-2
15150,2243-2
15151,2254-5
15152,2236-2
15153,1121-5
15154,5510-4
15155,3347-5
15156,1129-4
15157,4402-1
15158,1124-4
15159,1303-1
15160,2217-5
15161,3301-6
15162,1136-1
15163,3328-1
15164,2216-3
15165,1109-3
15166,2243-1
15167,2245-4
15168,2233-5
15169,1101-4
15170,2212-1
15171,3308-5
15172,1102-5
15173,3340-2
15174,2248-4
15175,1106-6
15176,2255-5
15177,5511-4
15178,3350-3
15179,6602-5
15180,6607-1
15181,3314-5
15182,2250-1
15183,2256-2
15184,3305-2
15185,1139-3
15186,1127-3
15187,3336-1
15188,2254-4
15189,2239-1
15190,2258-3
15191,2225-2
15192,5512-5
15193,4402-4
15194,1114-1
15195,2230-3
15196,5504-1
15197,1103-2
15198,4403-2
15199,6607-5
15200,1116-1
15201,4413-5
15202,2252-2
15203,6601-3
15204,1135-3
15205,2230-5
15206,1123-1
15207,2211-3
15208,3329-6
15209,5501-1
15210,2252-5
15211,5522-4
15212,1109-3
15213,3340-3
15214,5503-4
15215,2233-1
15216,1001-1
15217,2246-5
15218,6603-5
15219,1121-3
15220,2251-5
15221,1115-5
15222,6611-3
15223,3340-5
15224,2235-5
15225,2206-2
15226,1139-3
15227,6607-2
15228,1113-3
15229,2215-5
15230,4407-4
15231,6603-2
15232,2248-2
15233,1107-3
15234,5502-4
15235,3349-2
15236,3331-5
15237,4408-5
15238,3332-5
15239,2213-4
15240,5508-5
15241,2257-3
15242,6607-4
15243,5501-1
15244,2243-3
15245,6611-5
15246,2204-1
15247,1124-3
15248,4409-1
15249,2235-1
15250,2238-6
15251,4407-5
15252,1122-1
15253,3340-2
15254,1137-1
15255,4411-1
15256,3326-4
15257,5501-3
15258,2222-1
15259,3348-2
15260,4401-4
15261,5517-4
15262,3328-1
15263,1105-1
15264,1132-4
15265,2228-1
15266,3325-5
15267,5504-5
15268,1142-4
15269,1126-4
15270,6602-5
15271,2213-5
15272,1115-5
15273,6602-2
15274,6607-1
15275,4402-3
15276,1114-5
15277,2215-5
15278,6611-5
15279,6601-4
15280,2231-4
15281,2215-4
15282,4407-5
15283,2209-1
15284,1112-5
15285,1112-2
15286,2234-5
15287,5503-6
15288,1111-1
15289,1122-3
15290,3314-2
15291,1137-2
15292,1113-1
15293,3317-4
15294,4414-5
15295,6602-4
15296,3334-1
15297,3330-4
15298,2255-2
15299,5508-5
15300,2214-1
15301,6601-2
15302,2228-5
15303,1117-4
15304,1117-3
15305,1119-1
15306,2243-3
15307,3320-2
15308,1144-1
15309,5511-2
15310,2244-3
15311,3316-2
15312,6603-2
15313,2257-1
15314,1101-3
15315,6601-4
15316,1106-3
15317,3349-2
15318,2242-3
15319,2207-4
15320,2242-1
15321,1106-2
15322,3316-1
15323,1142-4
15324,4402-3
15325,2201-2
15326,4411-1
15327,2224-5
15328,1131-1
15329,2301-1
15330,3308-1
15331,2227-1
15332,2237-3
15333,3339-3
15334,1136-3
15335,3330-1
15336,1106-2
15337,6606-1
15338,1137-3
15339,3309-5
15340,2232-2
15341,1141-2
15342,1105-4
15343,1101-1
15344,6610-3
15345,3323-5
15346,3401-5
15347,3336-3
15348,2258-2
15349,4414-2
15350,4405-4
15351,2213-5
15352,2250-3
15353,4408-5
15354,2211-4
15355,1107-3
15356,5512-6
15357,1136-1
15358,5517-5
15359,3350-3
15360,2245-4
15361,3342-1
15362,5511-4
15363,4402-6
15364,5504-4
15365,4408-2
15366,2212-2
15367,6606-2
15368,3401-5
15369,5519-4
15370,1127-4
15371,2258-4
15372,2234-4
15373,5521-2
15374,1103-1
15375,3326-4
15376,3331-2
15377,5001-2
15378,1003-5
15379,3323-5
15380,3314-6
15381,1104-5
15382,1132-1
15383,1105-3
15384,5506-3
15385,3325-4
15386,3401-2
15387,6611-2
15388,1119-1
15389,6608-4
15390,2236-3
15391,2240-5
15392,5519-4
15393,2251-4
15394,2230-2
15395,1301-6
15396,3333-4
15397,3316-2
15398,6602-4
15399,5506-4
15400,3336-4
15401,5510-1
15402,5503-3
15403,1141-1
15404,2222-1
15405,1123-2
15406,1111-2
15407,1103-4
15408,6601-6
15409,2252-3
15410,2222-3
15411,5517-5
15412,1003-3
15413,2223-2
15414,2206-2
15415,2255-2
15416,1116-4
15417,2213-6
15418,5516-4
15419,2233-4
15420,4402-2
15421,2228-6
15422,2216-3
15423,2211-1
15424,3343-2
15425,3329-3
15426,1135-3
15427,3307-5
15428,6610-5
15429,2216-5
15430,3340-6
15431,2215-2
15432,5502-1
15433,5516-6
15434,4403-3
15435,6607-5
15436,2235-3
15437,5513-1
15438,6609-3
15439,1113-4
15440,5510-4
15441,5509-5
15442,3338-2
15443,1106-2
15444,3334-4
15445,1117-5
15446,1001-5
15447,3304-3
15448,1302-4
15449,1116-3
15450,1137-4
15451,3320-3
15452,3329-2
15453,4412-3
15454,2204-2
15455,1105-4
15456,3309-1
15457,3336-4
15458,3328-4
15459,3342-4
15460,2230-5
15461,2216-5
15462,3339-5
15463,3334-2
15464,5517-3
15465,3341-5
15466,5001-6
15467,5509-4
15468,1302-6
15469,1105-5
15470,3316-5
15471,2253-4
15472,1117-5
15473,1116-2
15474,2247-4
15475,1141-2
15476,3333-6
15477,5507-4
15478,1123-2
15479,1103-5
15480,5510-1
15481,2214-5
15482,1120-2
15483,1121-5
15484,3334-5
15485,3323-3
15486,2246-2
15487,1119-1
15488,1115-3
15489,1003-5
15490,5501-5
15491,5512-5
15492,6603-4
15493,1127-3
15494,3350-1
15495,1001-5
15496,1124-6
15497,2249-2
15498,2219-4
15499,1134-2
15500,2258-2
15501,3312-2
15502,2204-4
15503,2222-3
15504,5507-5
15505,3347-3
15506,2242-1
15507,2257-3
15508,1126-5
15509,1001-1
15510,1105-1
15511,1001-5
15512,2201-3
15513,3315-2
15514,2238-3
15515,6601-5
15516,5511-1
15517,3322-4
15518,2209-2
15519,2301-4
15520,1201-2
15521,2249-2
15522,2229-4
15523,2237-1
15524,5516-1
15525,2226-1
15526,1113-1
15527,3305-2
15528,2215-6
15529,4413-5
15530,6609-3
15531,6605-4
15532,1134-5
15533,2207-5
15534,5518-4
15535,1104-2
15536,1101-5
15537,1115-4
15538,5001-3
15539,2234-1
15540,6601-3
15541,3318-2
15542,3346-3
15543,1122-3
15544,2251-1
15545,6609-5
15546,6604-4
15547,3349-3
15548,1301-2
15549,2205-2
15550,2234-2
15551,2248-5
15552,1135-4
15553,4405-1
15554,2221-5
15555,4414-2
15556,2247-1
15557,1122-4
15558,1117-1
15559,3315-1
15560,4409-5
15561,3338-5
15562,2209-5
15563,3331-5
15564,2219-4
15565,1104-3
15566,6606-4
15567,1129-2
15568,2258-4
15569,2201-1
15570,2228-2
15571,1107-4
15572,1301-5
15573,1105-4
15574,5519-1
15575,2224-2
15576,1146-1
15577,4403-5
15578,2239-5
15579,3307-2
15580,2205-4
15581,2243-3
15582,1101-5
15583,5517-5
15584,2243-1
15585,5515-1
15586,2205-3
15587,2209-4
15588,1144-5
15589,4408-5
15590,5505-2
15591,2238-2
15592,3301-1
15593,5514-5
15594,2242-2
15595,3304-5
15596,5513-3
15597,3344-1
15598,5001-6
15599,3315-6
15600,1117-3
15601,1146-4
15602,1120-4
15603,6602-3
15604,5504-3
15605,1101-2
15606,3312-3
15607,1121-1
15608,2231-2
15609,1112-3
15610,4405-1
15611,5522-1
15612,3326-4
15613,2204-4
15614,5509-4
15615,5518-2
15616,2219-3
15617,5506-5
15618,5501-3
15619,3322-1
15620,1001-4
15621,4402-4
15622,2205-5
15623,3349-4
15624,2235-3
15625,2214-3
15626,1119-2
15627,2207-4
15628,2247-5
15629,1115-5
15630,2301-4
15631,6610-2
15632,3348-2
15633,1303-5
15634,5515-4
15635,4411-5
15636,2242-3
15637,2205-1
15638,3325-1
15639,2258-4
15640,2206-4
15641,1120-3
15642,1108-4
15643,3328-3
15644,5503-3
15645,2247-4
15646,1114-5
15647,1143-5
15648,1134-5
15649,3315-2
15650,5001-3
15651,2242-4
15652,2219-2
15653,3349-1
15654,1136-2
15655,3332-3
15656,4408-2
15657,5515-5
15658,2226-3
15659,1124-2
15660,2212-5
15661,3328-1
15662,4412-5
15663,1111-2
15664,2250-1
15665,3346-1
15666,6611-4
15667,1125-4
15668,2250-3
15669,1107-4
15670,1106-2
15671,2234-5
15672,1139-2
15673,1134-2
15674,4403-4
15675,2232-4
15676,4408-4
15677,2240-5
15678,3332-3
15679,6605-1
15680,4412-5
15681,3344-4
15682,1136-2
15683,2210-5
15684,1107-1
15685,3342-3
15686,5520-2
15687,2224-3
15688,1302-2
15689,2224-3
15690,5504-3
15691,1144-3
15692,3333-1
15693,2235-2
15694,2253-4
15695,5510-5
15696,2251-4
15697,2221-5
15698,2253-3
15699,3306-2
15700,3312-5
15701,3324-4
15702,3323-1
15703,2211-1
15704,2231-1
15705,2204-1
15706,5518-5
15707,3321-3
15708,3339-5
15709,1302-6
15710,2237-4
15711,1001-3
15712,5522-2
15713,2237-2
15714,3301-4
15715,6611-3
15716,5514-3
15717,2228-3
15718,3340-1
15719,3350-2
15720,3349-1
15721,2213-5
15722,5516-3
15723,2203-5
15724,3322-3
15725,5520-3
15726,1003-2
15727,2239-4
15728,1144-4
15729,5509-3
15730,2251-2
15731,1135-1
15732,1112-2
15733,3307-5
15734,3317-4
15735,1110-3
15736,3323-2
15737,2227-3
15738,6605-3
15739,2212-5
15740,6606-4
15741,2222-1
15742,2258-4
15743,1108-5
15744,6612-5
15745,2207-3
15746,3307-2
15747,6601-1
15748,2240-6
15749,5509-2
15750,4413-2
15751,2251-5
15752,5504-5
15753,2201-3
15754,3331-3
15755,1147-3
15756,5514-5
15757,1001-3
15758,2238-3
15759,1201-5
15760,4405-1
15761,3306-4
15762,1146-4
15763,5516-1
15764,2206-5
15765,1303-3
15766,2211-3
15767,2228-1
15768,2253-3
15769,3342-1
15770,1119-2
15771,2213-3
15772,3324-2
15773,1136-5
15774,2211-4
15775,4410-4
15776,2232-3
15777,2213-1
15778,6602-2
15779,1301-2
15780,5517-1
15781,2204-3
15782,3325-5
15783,2250-5
15784,3328-4
15785,2225-5
15786,5515-4
15787,2210-2
15788,3301-5
15789,4413-3
15790,2233-3
15791,4404-3
15792,3324-1
15793,3301-2
15794,4409-5
15795,2225-4
15796,1116-1
15797,5522-2
15798,3330-1
15799,1103-2
15800,3318-5
15801,1126-4
15802,1140-3
15803,3401-1
15804,2217-3
15805,1142-3
15806,5510-4
15807,2236-2
15808,3324-2
15809,2227-1
15810,5505-1
15811,2238-6
15812,3312-1
15813,3325-6
15814,3340-4
15815,1144-2
15816,1123-5
15817,3347-5
15818,2216-3
15819,5522-6
15820,3321-2
15821,5513-6
15822,3346-1
15823,6607-5
15824,3333-5
15825,3323-4
15826,2239-2
15827,1126-6
15828,2227-5
15829,1106-3
15830,2223-5
15831,2244-4
15832,1130-5
15833,1111-2
15834,6602-1
15835,5511-6
15836,5519-1
15837,1120-5
15838,1132-5
15839,4414-4
15840,2247-3
15841,6611-5
15842,3328-1
15843,2215-5
15844,2237-4
15845,4412-3
15846,3347-6
15847,5520-4
15848,1116-2
15849,3301-3
15850,3328-6
15851,4413-1
15852,2206-2
15853,2251-3
15854,3348-3
15855,2256-4
15856,2232-5
15857,5520-5
15858,1132-2
15859,3346-3
15860,2217-1
15861,1112-3
15862,2203-1
15863,1302-3
15864,1120-2
15865,1130-2
15866,5507-3
15867,2257-2
15868,2240-4
15869,2251-6
15870,2243-2
15871,2222-4
15872,2214-2
15873,3312-5
15874,3309-1
15875,3307-5
15876,3349-4
15877,3340-4
15878,1301-4
15879,3343-4
15880,2228-3
15881,2240-3
15882,6601-4
15883,5506-4
15884,1125-5
15885,1114-5
15886,2301-5
15887,2212-5
15888,3332-4
15889,3309-4
15890,2214-2
15891,2245-1
15892,1002-5
15893,3325-5
15894,3306-5
15895,3304-4
15896,1111-5
15897,3347-4
15898,2223-1
15899,2231-5
15900,5506-3
15901,1144-2
15902,1136-2
15903,5510-6
15904,2242-3
15905,2214-4
15906,1103-4
15907,2215-2
15908,2229-5
15909,3312-1
15910,6604-2
15911,2228-2
15912,6603-4
15913,6603-1
15914,1137-5
15915,2212-4
15916,3328-1
15917,3322-2
15918,2256-5
15919,2256-5
15920,1126-4
15921,2243-3
15922,2210-4
15923,3309-1
15924,6611-4
15925,3336-4
15926,2245-2
15927,3333-5
15928,4414-3
15929,5510-5
15930,3315-3
15931,4401-5
15932,3348-1
15933,1147-4
15934,3342-3
15935,2203-5
15936,5511-4
15937,2224-3
15938,2237-2
15939,2244-5
15940,3326-1
15941,1124-5
15942,5001-1
15943,2207-2
15944,2243-1
15945,2206-3
15946,3341-4
15947,1001-2
15948,1113-4
15949,1110-1
15950,2203-4
15951,5503-4
15952,5522-1
15953,1134-4
15954,1129-2
15955,5507-3
15956,3401-1
15957,4404-4
15958,3328-2
15959,3325-3
15960,1302-2
15961,1115-3
15962,1201-5
15963,2216-4
15964,3348-4
15965,3315-5
15966,1141-2
15967,1002-3
15968,2242-4
15969,2215-2
15970,3338-5
15971,2225-1
15972,3315-2
15973,6607-5
15974,3336-2
15975,2226-4
15976,6601-1
15977,2252-3
15978,3331-2
15979,2221-1
15980,5512-3
15981,3333-5
15982,3301-1
15983,5513-6
15984,2204-6
15985,1116-2
15986,5506-5
15987,6611-1
15988,2226-6
15989,1134-4
15990,3344-4
15991,1110-2
15992,1131-5
15993,2211-3
15994,3328-2
15995,5504-1
15996,5514-4
15997,1001-1
15998,2216-2
15999,5518-1
16000,1102-5
16001,1003-5
16002,1110-4
16003,2213-4
16004,3341-1
16005,1127-1
16006,3349-6
16007,2211-5
16008,2244-1
16009,3318-5
16010,1103-1
16011,2256-4
16012,2245-5
16013,4404-2
16014,3315-5
16015,4401-5
16016,1113-3
16017,6610-2
16018,2245-5
16019,2229-1
16020,2245-3
16021,5503-3
16022,4414-4
16023,2240-2
16024,3334-2
16025,3301-3
16026,1136-3
16027,4414-4
16028,5515-5
16029,2301-1
16030,4413-3
16031,5505-2
16032,2203-4
16033,5501-2
16034,1115-5
16035,5516-4
16036,6611-1
16037,6608-5
16038,1134-1
16039,1132-1
16040,6611-6
16041,3318-5
16042,5509-1
16043,5513-4
16044,3343-2
16045,2210-3
16046,3342-2
16047,1104-5
16048,2225-5
16049,6606-2
16050,2256-3
16051,3305-5
16052,3336-2
16053,2258-1
16054,3342-2
16055,2232-3
16056,6607-3
16057,1115-1
16058,3337-3
16059,2243-3
16060,6607-1
16061,4402-4
16062,5510-5
16063,2253-4
16064,2229-3
16065,2211-3
16066,2254-3
16067,2250-4
16068,2206-2
16069,2213-4
16070,4405-4
16071,1117-1
16072,3301-2
16073,3306-1
16074,3304-2
16075,3347-4
16076,4401-5
16077,2215-5
16078,1106-4
16079,3315-4
16080,1125-5
16081,2216-2
16082,2209-1
16083,1132-3
16084,6607-3
16085,2226-5
16086,2209-1
16087,6601-2
16088,3309-2
16089,1301-3
16090,5502-3
16091,2224-3
16092,2213-2
16093,1136-5
16094,2230-4
16095,1003-1
16096,3338-1
16097,1142-2
16098,1201-4
16099,2219-4
16100,2252-5
16101,1122-4
16102,3334-5
16103,1123-4
16104,5511-2
16105,2255-3
16106,2209-1
16107,4404-1
16108,2225-1
16109,3346-2
16110,3341-1
16111,2226-2
16112,1116-1
16113,2216-5
16114,1134-2
16115,3304-1
16116,3318-5
16117,6605-1
16118,5518-2
16119,1104-4
16120,2250-3
16121,2236-4
16122,1105-4
16123,3337-1
16124,5503-5
16125,1104-2
16126,2258-3
16127,5522-4
16128,3336-5
16129,2210-4
16130,5521-3
16131,6604-1
16132,3301-3
16133,3330-4
16134,6610-5
16135,2252-1
16136,3343-1
16137,2201-1
16138,1119-4
16139,6601-1
16140,2225-4
16141,2219-3
16142,3308-3
16143,3312-4
16144,3326-2
16145,3338-3
16146,3401-2
16147,1111-2
16148,2238-3
16149,1127-2
16150,1141-5
16151,1104-3
16152,6611-5
16153,3401-2
16154,5507-2
16155,4404-3
16156,6611-3
16157,1136-6
16158,4408-6
16159,5516-3
16160,5502-4
16161,3327-3
16162,2229-4
16163,3343-5
16164,1143-4
16165,1105-5
16166,2232-1
16167,2226-5
16168,1147-4
16169,5512-3
16170,5511-4
16171,1132-1
16172,1121-4
16173,5513-4
16174,2247-4
16175,3341-2
16176,6604-2
16177,5503-1
16178,3306-5
16179,4411-3
16180,2228-1
16181,2210-3
16182,2215-6
16183,2213-3
16184,6606-2
16185,6611-5
16186,5517-4
16187,1120-2
16188,1122-5
16189,5515-4
16190,5513-1
16191,2223-2
16192,2234-2
16193,1139-4
16194,5515-5
16195,1105-2
16196,1108-3
16197,3348-3
16198,1101-6
16199,4408-2
16200,6607-4
16201,6601-2
16202,1108-2
16203,3349-6
16204,1125-3
16205,3342-4
16206,3315-1
16207,5503-3
16208,1131-2
16209,5516-2
16210,1121-4
16211,3307-4
16212,3323-2
16213,3339-3
16214,6608-2
16215,2201-4
16216,2206-2
16217,1125-2
16218,3346-1
16219,1104-6
16220,2206-1
16221,4406-5
16222,1140-2
16223,5506-4
16224,1115-4
16225,1106-5
16226,2223-4
16227,1002-3
16228,2207-4
16229,3339-2
16230,4414-4
16231,1140-5
16232,2215-2
16233,2207-1
16234,1107-2
16235,2217-4
16236,3315-2
16237,2209-2
16238,1119-5
16239,2216-1
16240,5509-4
16241,3323-3
16242,3346-2
16243,2214-2
16244,3304-3
16245,3315-6
16246,2207-2
16247,2214-3
16248,1106-1
16249,2234-5
16250,2232-4
16251,2222-2
16252,3318-2
16253,3309-1
16254,3314-3
16255,4403-4
16256,6606-3
16257,5501-2
16258,3324-5
16259,4407-3
16260,4402-3
16261,3332-1
16262,1121-2
16263,1113-1
16264,1142-5
16265,1130-3
16266,3317-4
16267,6605-2
16268,1112-4
16269,5522-3
16270,2230-4
16271,2227-5
16272,1125-2
16273,3343-2
16274,2204-4
16275,1126-2
16276,1135-1
16277,3321-4
16278,3329-3
16279,2224-2
16280,3333-2
16281,3315-3
16282,4401-5
16283,3336-3
16284,1113-3
16285,6605-2
16286,3346-1
16287,2223-4
16288,2236-5
16289,2216-5
16290,1105-3
16291,5512-3
16292,2234-2
16293,2221-4
16294,1109-2
16295,3333-3
16296,3307-4
16297,6611-1
16298,1129-1
16299,4402-1
16300,1107-5
16301,4403-3
16302,1125-3
16303,2222-5
16304,1121-2
16305,2242-1
16306,3326-5
16307,1130-1
16308,3308-2
16309,2232-2
16310,1143-5
16311,5502-5
16312,3318-2
16313,1126-1
16314,3314-2
16315,3348-5
16316,5513-1
16317,1142-2
16318,2248-1
16319,5520-2
16320,3333-2
16321,5504-3
16322,5509-3
16323,6604-4
16324,2231-1
16325,5518-4
16326,2255-5
16327,6609-5
16328,3304-3
16329,2256-4
16330,4402-5
16331,2209-4
16332,6605-3
16333,3339-2
16334,6605-3
16335,3347-4
16336,1119-1
16337,2242-5
16338,1303-5
16339,2222-4
16340,3318-1
16341,1110-4
16342,3340-2
16343,4413-5
16344,5502-4
16345,4410-1
16346,5506-2
16347,1123-1
16348,5506-5
16349,6611-5
16350,2227-3
16351,2244-2
16352,2201-3
16353,5504-4
16354,1132-1
16355,1107-1
16356,1108-2
16357,1124-5
16358,5516-4
16359,6606-2
16360,2210-2
16361,2253-2
16362,2216-4
16363,1114-2
16364,1111-2
16365,2253-4
16366,2222-4
16367,3316-2
16368,3401-4
16369,1110-4
16370,3343-3
16371,4413-2
16372,5518-2
16373,3318-2
16374,3350-1
16375,3316-3
16376,5520-4
16377,4406-1
16378,1115-5
16379,1134-4
16380,2258-1
16381,6610-6
16382,6612-1
16383,2230-6
16384,2216-1
16385,1106-3
16386,2229-4
16387,3306-3
16388,1143-4
16389,2215-5
16390,3332-4
16391,5505-6
16392,2251-4
16393,2239-2
16394,2246-1
16395,5518-2
16396,2235-4
16397,3329-2
16398,6604-3
16399,1116-1
16400,1117-3
16401,2251-3
16402,1126-2
16403,3322-4
16404,4413-5
16405,1131-4
16406,1104-4
16407,1116-4
16408,4401-4
16409,5503-2
16410,1120-2
16411,2236-2
16412,2207-2
16413,3341-1
16414,2232-2
16415,3343-4
16416,1115-6
16417,2222-5
16418,5518-4
16419,1142-3
16420,1121-4
16421,2246-2
16422,5513-2
16423,1121-4
16424,3321-2
16425,2203-2
16426,3343-1
16427,3305-1
16428,2215-3
16429,4402-4
16430,2235-3
16431,2237-4
16432,6605-2
16433,6608-4
16434,5503-4
16435,6605-5
16436,3401-1
16437,4406-5
16438,6612-2
16439,1140-4
16440,4408-2
16441,2251-5
16442,1106-6
16443,1139-5
16444,3317-3
16445,1125-1
16446,4408-4
16447,5509-5
16448,3350-2
16449,2247-2
16450,2205-5
16451,1110-5
16452,4408-3
16453,1101-3
16454,3337-5
16455,3314-1
16456,2250-2
16457,1125-3
16458,1125-2
16459,4408-5
16460,1120-5
16461,1119-3
16462,2258-6
16463,2230-2
16464,3314-3
16465,1132-3
16466,4402-4
16467,3343-4
16468,1141-1
16469,2217-2
16470,5514-3
16471,3315-2
16472,2207-3
16473,2237-1
16474,3336-3
16475,2248-5
16476,3314-3
16477,3343-2
16478,3350-2
16479,1140-1
16480,3314-3
16481,6610-1
16482,3401-5
16483,3318-1
16484,1146-1
16485,6601-1
16486,2221-5
16487,1110-2
16488,1105-4
16489,3324-3
16490,1139-2
16491,2253-2
16492,2205-5
16493,4407-3
16494,2236-4
16495,3316-2
16496,3332-2
16497,3334-2
16498,6611-5
16499,5516-1
16500,3329-5
16501,1121-6
16502,2201-5
16503,3323-1
16504,1107-2
16505,4412-4
16506,1126-6
16507,2221-6
16508,3308-3
16509,1117-4
16510,2205-4
16511,2227-4
16512,3330-6
16513,5517-4
16514,1144-2
16515,2225-2
16516,2248-1
16517,4414-5
16518,5001-2
16519,4401-1
16520,2214-4
16521,3316-4
16522,2229-6
16523,4405-5
16524,4402-1
16525,5508-5
16526,3315-1
16527,1111-5
16528,1121-3
16529,2237-2
16530,5520-4
16531,6601-2
16532,5512-3
16533,1117-3
16534,1106-4
16535,3343-5
16536,3344-6
16537,5521-2
16538,3317-3
16539,1115-2
16540,1125-2
16541,3331-6
16542,3338-2
16543,3331-4
16544,3338-2
16545,6607-4
16546,1127-4
16547,1142-5
16548,4413-5
16549,5503-4
16550,6606-3
16551,2207-1
16552,2205-3
16553,2229-5
16554,3339-3
16555,3349-4
16556,1107-5
16557,5521-3
16558,2212-5
16559,5506-3
16560,1003-3
16561,4407-4
16562,6610-1
16563,1301-5
16564,3316-5
16565,1136-1
16566,3301-4
16567,4406-1
16568,2224-5
16569,4404-2
16570,5509-1
16571,2217-2
16572,5517-1
16573,3307-2
16574,3339-6
16575,1144-5
16576,3347-5
16577,3312-3
16578,3309-2
16579,2204-5
16580,3321-2
16581,1125-5
16582,2229-4
16583,3350-3
16584,3337-2
16585,1108-2
16586,5522-3
16587,1112-2
16588,2229-5
16589,2229-2
16590,2256-4
16591,3342-1
16592,5501-1
16593,2240-4
16594,3318-1
16595,5508-5
16596,5509-2
16597,1114-1
16598,1147-2
16599,5508-4
16600,1134-3
16601,2201-4
16602,2251-1
16603,1129-2
16604,2237-2
16605,3324-3
16606,4402-4
16607,5509-1
16608,3344-3
16609,3346-5
16610,3341-4
16611,1144-1
16612,1114-2
16613,3315-4
16614,2203-2
16615,3316-4
16616,2217-4
16617,3343-4
16618,3340-2
16619,5001-3
16620,1136-5
16621,2212-5
16622,3340-3
16623,2224-4
16624,6602-2
16625,1125-4
16626,3340-2
16627,4401-5
16628,4404-1
16629,5001-2
16630,2252-1
16631,2211-4
16632,2213-1
16633,3323-5
16634,2253-3
16635,3321-4
16636,1107-2
16637,4408-2
16638,1132-2
16639,2228-4
16640,1141-2
16641,5514-1
16642,2221-4
16643,3328-5
16644,2205-1
16645,3312-3
16646,1107-5
16647,5518-4
16648,3308-2
16649,4408-2
16650,6610-4
16651,2251-3
16652,1112-6
16653,5503-4
16654,2212-4
16655,2257-3
16656,6603-5
16657,2212-5
16658,3344-1
16659,5519-6
16660,6610-5
16661,6606-2
16662,6602-4
16663,2254-4
16664,2212-5
16665,2217-3
16666,2258-1
16667,2258-5
16668,1121-4
16669,2239-5
16670,3320-5
16671,6611-1
16672,1002-5
16673,3337-5
16674,2226-3
16675,3324-5
16676,3333-5
16677,4407-2
16678,1136-2
16679,4412-1
16680,5520-4
16681,3331-4
16682,3334-1
16683,2209-4
16684,3350-3
16685,2240-5
16686,6606-4
16687,5519-3
16688,6607-1
16689,3348-1
16690,1131-3
16691,1143-1
16692,1140-1
16693,5504-5
16694,1126-5
16695,2226-2
16696,5504-4
16697,3308-4
16698,5520-3
16699,1120-3
16700,3342-4
16701,6604-4
16702,5504-5
16703,5515-4
16704,1104-3
16705,1113-4
16706,1119-3
16707,2226-4
16708,5504-4
16709,2225-5
16710,1001-5
16711,4410-5
16712,2221-2
16713,4411-1
16714,2207-3
16715,3318-3
16716,1104-3
16717,1146-2
16718,6601-2
16719,1146-2
16720,2256-1
16721,3343-1
16722,1002-5
16723,2201-4
16724,3333-1
16725,3317-2
16726,5508-3
16727,5514-2
16728,1125-3
16729,1303-2
16730,6602-1
16731,5514-2
16732,3339-4
16733,1102-1
16734,2209-1
16735,2250-5
16736,3339-4
16737,1301-4
16738,1132-4
16739,1124-5
16740,5516-3
16741,1201-6
16742,6607-2
16743,1106-3
16744,5518-3
16745,6612-4
16746,3318-2
16747,3346-2
16748,3336-5
16749,4406-4
16750,3325-1
16751,5513-5
16752,4412-5
16753,1143-3
16754,2205-6
16755,2301-4
16756,5504-1
16757,6607-2
16758,1104-2
16759,2252-1
16760,1144-2
16761,3304-3
16762,4406-1
16763,2211-5
16764,5521-6
16765,4404-5
16766,2246-3
16767,3339-4
16768,1102-4
16769,1124-5
16770,4413-3
16771,2233-2
16772,5520-1
16773,3331-3
16774,2226-1
16775,2236-2
16776,4409-5
16777,3316-2
16778,3304-3
16779,1109-4
16780,2224-4
16781,1115-4
16782,2254-3
16783,1110-1
16784,2239-4
16785,2232-4
16786,2215-4
16787,3316-3
16788,3342-2
16789,2204-4
16790,2257-4
16791,1147-5
16792,3314-3
16793,3317-4
16794,5001-4
16795,2214-2
16796,3326-3
16797,1103-4
16798,1137-3
16799,2239-2
16800,2213-1
16801,1120-5
16802,5512-1
16803,2225-2
16804,4410-1
16805,1142-2
16806,5001-2
16807,5507-1
16808,5504-2
16809,3301-5
16810,4404-2
16811,1302-4
16812,2214-2
16813,3323-5
16814,3320-4
16815,3346-4
16816,2211-4
16817,1105-6
16818,5516-2
16819,2223-2
16820,1116-2
16821,6603-5
16822,1134-2
16823,2209-4
16824,2242-3
16825,3315-2
16826,1103-4
16827,1114-3
16828,2214-5
16829,3305-5
16830,3341-2
16831,3348-5
16832,1115-3
16833,4409-1
16834,3326-1
16835,4406-2
16836,3329-5
16837,1102-1
16838,6608-3
16839,3308-6
16840,3323-4
16841,3344-2
16842,1124-1
16843,3305-4
16844,2251-4
16845,2233-6
16846,1117-5
16847,1116-3
16848,4408-5
16849,4401-2
16850,2253-3
16851,2219-2
16852,3312-4
16853,2242-5
16854,3336-3
16855,1144-4
16856,2236-1
16857,2231-4
16858,2212-3
16859,1101-1
16860,3301-3
16861,1301-3
16862,5502-5
16863,2247-5
16864,2245-1
16865,6602-5
16866,3350-3
16867,1136-3
16868,2227-2
16869,6606-1
16870,1126-3
16871,1139-2
16872,3301-3
16873,1127-4
16874,2237-1
16875,2253-5
16876,4406-5
16877,1136-4
16878,5503-4
16879,2210-3
16880,3330-3
16881,5520-4
16882,2235-3
16883,1108-4
16884,1126-1
16885,6607-3
16886,4409-2
16887,3309-2
16888,2219-2
16889,2223-3
16890,4410-5
16891,2251-1
16892,1105-5
16893,6605-4
16894,5516-5
16895,6609-6
16896,2219-2
16897,3321-2
16898,3304-4
16899,2237-2
16900,3314-5
16901,6609-4
16902,2257-6
16903,3301-1
16904,3315-1
16905,3332-4
16906,3304-5
16907,3342-1
16908,2255-4
16909,3339-5
16910,1137-2
16911,3330-4
16912,1119-3
16913,3349-2
16914,1130-1
16915,6610-2
16916,5506-3
16917,5511-2
16918,3304-5
16919,2237-3
16920,2211-2
16921,2246-4
16922,2221-4
16923,6606-4
16924,3328-2
16925,4408-1
16926,3301-3
16927,1122-2
16928,5508-2
16929,1115-5
16930,2204-1
16931,2219-1
16932,2222-6
16933,3306-3
16934,1302-5
16935,5513-1
16936,2243-1
16937,2205-3
16938,1106-2
16939,3301-6
16940,2255-1
16941,4412-4
16942,1135-1
16943,4406-2
16944,6607-4
16945,1139-3
16946,2243-2
16947,2252-5
16948,2248-3
16949,3312-1
16950,4407-3
16951,5522-3
16952,2250-6
16953,4412-1
16954,3346-3
16955,2226-6
16956,1116-5
16957,1131-3
16958,2240-4
16959,2206-6
16960,2209-5
16961,3334-5
16962,1002-1
16963,2219-6
16964,2244-2
16965,2228-6
16966,3341-5
16967,1146-4
16968,2224-2
16969,2245-1
16970,2247-5
16971,3326-4
16972,1111-3
16973,2255-2
16974,5515-3
16975,3317-2
16976,5507-4
16977,4406-4
16978,2242-1
16979,5511-2
16980,4402-3
16981,3326-3
16982,3309-2
16983,2235-3
16984,4401-2
16985,2237-3
16986,1115-4
16987,1125-5
16988,2204-3
16989,2250-3
16990,3340-3
16991,3321-1
16992,2222-5
16993,6606-4
16994,1106-5
16995,1120-2
16996,1117-5
16997,2238-6
16998,6612-4
16999,3326-1
17000,1002-2
17001,1111-3
17002,5511-2
17003,2253-3
17004,1125-3
17005,3309-5
17006,2248-5
17007,3305-5
17008,4413-5
17009,3328-3
17010,1117-2
17011,3329-4
17012,6602-3
17013,1127-5
17014,2234-1
17015,2226-4
17016,4412-5
17017,6604-4
17018,2247-1
17019,3328-2
17020,1002-5
17021,1146-3
17022,5001-4
17023,3336-2
17024,3320-1
17025,3329-5
17026,5001-4
17027,2206-5
17028,3329-5
17029,3401-2
17030,1201-4
17031,1103-5
17032,1302-2
17033,2236-5
17034,2257-1
17035,3339-2
17036,5509-3
17037,6607-3
17038,4408-5
17039,1131-1
17040,3326-3
17041,2221-5
17042,5510-3
17043,3305-2
17044,2233-4
17045,5521-1
17046,1109-5
17047,2224-3
17048,5509-1
17049,6609-4
17050,2240-5
17051,3314-3
17052,1114-5
17053,5521-3
17054,5505-6
17055,1108-2
17056,6608-1
17057,6603-5
17058,2247-2
17059,3321-4
17060,5516-3
17061,4409-2
17062,2211-5
17063,5506-4
17064,1003-1
17065,2223-1
17066,3348-5
17067,3327-1
17068,5505-1
17069,3350-3
17070,6603-4
17071,2219-5
17072,5511-1
17073,2235-5
17074,2204-4
17075,2249-5
17076,4402-5
17077,5509-2
17078,2245-4
17079,2255-6
17080,3323-3
17081,4407-6
17082,1117-3
17083,3347-4
17084,3307-3
17085,5521-5
17086,2213-2
17087,6611-2
17088,1123-1
17089,5516-1
17090,2243-4
17091,2216-1
17092,2207-1
17093,3318-5
17094,1127-1
17095,2248-1
17096,5504-2
17097,2231-1
17098,3338-1
17099,5001-4
17100,1142-1
17101,3318-3
17102,4409-2
17103,1101-3
17104,3331-1
17105,3339-4
17106,5001-5
17107,1126-3
17108,2238-4
17109,3323-4
17110,1130-4
17111,5507-2
17112,6604-4
17113,2247-4
17114,1119-1
17115,5506-1
17116,1104-1
17117,1119-4
17118,2228-2
17119,6602-1
17120,3324-4
17121,1127-3
17122,1127-4
17123,1119-2
17124,5520-6
17125,1105-5
17126,5505-1
17127,1113-2
17128,2229-5
17129,3325-2
17130,1003-4
17131,3322-2
17132,1136-4
17133,1142-4
17134,5515-1
17135,2229-4
17136,1102-5
17137,2238-4
17138,3344-4
17139,2209-1
17140,2245-3
17141,1130-2
17142,3337-2
17143,3305-5
17144,3350-3
17145,5513-1
17146,1104-2
17147,1105-3
17148,2214-2
17149,1130-6
17150,5507-3
17151,5517-3
17152,3350-5
17153,3340-4
17154,6601-3
17155,2222-2
17156,2236-1
17157,4414-3
17158,1102-6
17159,1103-1
17160,3309-3
17161,3307-3
17162,1129-6
17163,5510-5
17164,6610-4
17165,2235-5
17166,3341-5
17167,3329-2
17168,1126-1
17169,1107-5
17170,5513-4
17171,3349-5
17172,1302-2
17173,2222-3
17174,4409-1
17175,1105-3
17176,5521-4
17177,2210-3
17178,1112-1
17179,1121-3
17180,3346-5
17181,1112-1
17182,4409-3
17183,3307-5
17184,4413-1
17185,1121-3
17186,1201-5
17187,2225-4
17188,1301-5
17189,3309-4
17190,1106-4
17191,6602-3
17192,1301-1
17193,2205-1
17194,5510-5
17195,5520-4
17196,2217-3
17197,6605-5
17198,1201-4
17199,2231-3
17200,1003-1
17201,5509-4
17202,2234-2
17203,1113-4
17204,3331-4
17205,3309-2
17206,5505-5
17207,2246-3
17208,2209-2
17209,5522-4
17210,2230-3
17211,3340-4
17212,5505-5
17213,2212-4
17214,3348-2
17215,3347-4
17216,4412-2
17217,1003-1
17218,1104-3
17219,5519-4
17220,3349-5
17221,2211-4
17222,3318-5
17223,1112-3
17224,3336-3
17225,1111-6
17226,3342-2
17227,6603-2
17228,4410-5
17229,3333-3
17230,2219-4
17231,5516-1
17232,6610-3
17233,3312-2
17234,5509-3
17235,2206-3
17236,1114-3
17237,3336-4
17238,6609-2
17239,2238-1
17240,4403-1
17241,3307-4
17242,2214-5
17243,3336-5
17244,2216-4
17245,2221-3
17246,2217-2
17247,2234-2
17248,1147-2
17249,1142-4
17250,1131-2
17251,5521-5
17252,2223-1
17253,4402-4
17254,1106-4
17255,4408-1
17256,1142-4
17257,3309-5
17258,6610-2
17259,2235-5
17260,2240-3
17261,2230-3
17262,2227-3
17263,2256-3
17264,1136-3
17265,3347-3
17266,3341-3
17267,3329-6
17268,2223-2
17269,3338-6
17270,1112-2
17271,1104-3
17272,1105-1
17273,2206-2
17274,2210-6
17275,5514-5
17276,2212-2
17277,2215-2
17278,2251-3
17279,3350-3
17280,1302-5
17281,2201-4
17282,6604-2
17283,6606-4
17284,1110-2
17285,3323-3
17286,1115-4
17287,5511-1
17288,4403-5
17289,1001-1
17290,3308-5
17291,5521-5
17292,3328-3
17293,5518-1
17294,2209-2
17295,1001-5
17296,2237-4
17297,2201-1
17298,5504-6
17299,1134-5
17300,5516-2
17301,3342-4
17302,3323-4
17303,1127-5
17304,2256-2
17305,5514-2
17306,5511-5
17307,2253-2
17308,1107-1
17309,1137-1
17310,4403-4
17311,2230-4
17312,2239-4
17313,2215-3
17314,3306-5
17315,1107-1
17316,3307-1
17317,2240-2
17318,1101-5
17319,1111-3
17320,1110-3
17321,1106-1
17322,1136-3
17323,3340-1
17324,1102-5
17325,2207-3
17326,3301-6
17327,2209-4
17328,3301-3
17329,2257-5
17330,1003-5
17331,6603-4
17332,3306-1
17333,3331-4
17334,3334-3
17335,2231-4
17336,1101-2
17337,2250-5
17338,1143-1
17339,2301-1
17340,3316-1
17341,3331-2
17342,5507-4
17343,1001-5
17344,6601-3
17345,3317-5
17346,2242-3
17347,2249-3
17348,3322-4
17349,2228-4
17350,2257-3
17351,1111-4
17352,6603-3
17353,2201-5
17354,5510-2
17355,2224-5
17356,3329-4
17357,1126-3
17358,5001-2
17359,2232-2
17360,2216-1
17361,1108-1
17362,6609-4
17363,1117-1
17364,2237-2
17365,1117-1
17366,5001-5
17367,2257-5
17368,5512-4
17369,2258-5
17370,1140-3
17371,5513-6
17372,2234-2
17373,1127-2
17374,2249-5
17375,2243-5
17376,3342-1
17377,3337-3
17378,1117-1
17379,2226-1
17380,2216-4
17381,3337-3
17382,3314-4
17383,1112-3
17384,2204-1
17385,1141-3
17386,1121-5
17387,1104-5
17388,1146-2
17389,6606-1
17390,3328-5
17391,2239-5
17392,2224-6
17393,3307-5
17394,1124-3
17395,1107-4
17396,1144-6
17397,3401-3
17398,2217-4
17399,1117-5
17400,2229-1
17401,2226-3
17402,1129-3
17403,2215-4
17404,2210-3
17405,3308-1
17406,1302-1
17407,3304-1
17408,1107-5
17409,2201-2
17410,2255-4
17411,5504-3
17412,2250-2
17413,1103-5
17414,3349-1
17415,2226-2
17416,3346-5
17417,2214-2
17418,2257-1
17419,1302-3
17420,4405-3
17421,3307-2
17422,2237-1
17423,4411-5
17424,3346-6
17425,3350-5
17426,2229-5
17427,2255-5
17428,2228-2
17429,3329-3
17430,2230-5
17431,3401-3
17432,2239-2
17433,1132-5
17434,2247-4
17435,1136-2
17436,1136-1
17437,1003-5
17438,3318-6
17439,1131-2
17440,1120-4
17441,4406-2
17442,2240-4
17443,2248-3
17444,1102-5
17445,3344-1
17446,2224-4
17447,3333-4
17448,2224-1
17449,2225-6
17450,6601-5
17451,1134-1
17452,2207-5
17453,1108-1
17454,1104-5
17455,6606-1
17456,5001-2
17457,3308-1
17458,1302-2
17459,5519-2
17460,6604-5
17461,2239-1
17462,3344-1
17463,5519-2
17464,1003-2
17465,4414-5
17466,2247-3
17467,2223-1
17468,5503-3
17469,2221-2
17470,2224-4
17471,4409-2
17472,1137-3
17473,3344-5
17474,1127-2
17475,6608-5
17476,5001-4
17477,5505-4
17478,3307-2
17479,2244-2
17480,3339-2
17481,3340-2
17482,4413-1
17483,3321-6
17484,5521-5
17485,3316-5
17486,1127-1
17487,5501-1
17488,2205-5
17489,2255-2
17490,3327-1
17491,5519-5
17492,3346-5
17493,6603-1
17494,1104-4
17495,3301-2
17496,2222-5
17497,1103-5
17498,3331-1
17499,5504-3
17500,2240-2
17501,3309-5
17502,2211-5
17503,2255-4
17504,2253-5
17505,3306-6
17506,1124-5
17507,4411-5
17508,5501-2
17509,2214-2
17510,6610-4
17511,2254-1
17512,2253-5
17513,4406-2
17514,3348-5
17515,1147-5
17516,3330-6
17517,2254-5
17518,3346-3
17519,2254-3
17520,3321-5
17521,3337-2
17522,6610-4
17523,2205-3
17524,1113-5
17525,3321-2
17526,3349-2
17527,3322-1
17528,2212-3
17529,4409-3
17530,5505-6
17531,1114-3
17532,2214-3
17533,3318-3
17534,2256-5
17535,2244-2
17536,2247-5
17537,2249-2
17538,6601-6
17539,2255-3
17540,3304-2
17541,1001-4
17542,2238-3
17543,1107-3
17544,2221-1
17545,2256-4
17546,1002-4
17547,3347-1
17548,1125-4
17549,3342-5
17550,3308-2
17551,1127-3
17552,1141-4
17553,1137-4
17554,1101-5
17555,3318-3
17556,2247-5
17557,3337-5
17558,5504-1
17559,1143-2
17560,3334-4
17561,2222-5
17562,5514-6
17563,2246-2
17564,1303-1
17565,1303-4
17566,5511-2
17567,1126-3
17568,1120-1
17569,2252-2
17570,1113-2
17571,5518-1
17572,5515-4
17573,2229-3
17574,5517-3
17575,2255-3
17576,5507-5
17577,6604-1
17578,3347-3
17579,2254-5
17580,3338-5
17581,2245-3
17582,2222-3
17583,2214-1
17584,1124-1
17585,2212-2
17586,2240-2
17587,1137-1
17588,1121-4
17589,3340-2
17590,2227-2
17591,2242-1
17592,2201-1
17593,5514-2
17594,2216-2
17595,3401-1
17596,2226-6
17597,1139-1
17598,5516-4
17599,4407-5
17600,6610-1
17601,5001-3
17602,2213-2
17603,2253-3
17604,3348-5
17605,6611-2
17606,1109-3
17607,2225-1
17608,3327-5
17609,3314-4
17610,3304-2
17611,1142-2
17612,2258-4
17613,5519-2
17614,2231-6
17615,1301-2
17616,1140-1
17617,1108-2
17618,5504-2
17619,2251-5
17620,2240-1
17621,1106-4
17622,2255-2
17623,5516-3
17624,1301-3
17625,4410-1
17626,1002-2
17627,1109-1
17628,4410-5
17629,3348-5
17630,2222-1
17631,3348-2
17632,1120-5
17633,5520-4
17634,1142-2
17635,5517-1
17636,3349-3
17637,3350-3
17638,3326-5
17639,2230-5
17640,3306-1
17641,2229-4
17642,2204-5
17643,1137-2
17644,2236-2
17645,1117-1
17646,1139-4
17647,5520-2
17648,3301-4
17649,1132-2
17650,6612-1
17651,6601-5
17652,2224-4
17653,2237-3
17654,6610-1
17655,5503-3
17656,3306-2
17657,1112-5
17658,3337-5
17659,3324-1
17660,1131-1
17661,2232-2
17662,1302-2
17663,2236-3
17664,1002-3
17665,3317-5
17666,5503-4
17667,3312-2
17668,1302-4
17669,2246-1
17670,3316-4
17671,3340-6
17672,1127-1
17673,2247-2
17674,1146-3
17675,1136-3
17676,1130-1
17677,2247-1
17678,3346-1
17679,3338-5
17680,1003-3
17681,1142-4
17682,2238-2
17683,1141-5
17684,2217-1
17685,6612-4
17686,2243-3
17687,1121-2
17688,1104-1
17689,3316-1
17690,2223-2
17691,2255-6
17692,1125-1
17693,5516-5
17694,1132-1
17695,2212-3
17696,2214-3
17697,6605-4
17698,1137-2
17699,3349-2
17700,5522-6
17701,1131-1
17702,2250-5
17703,2242-1
17704,2246-6
17705,3336-3
17706,1109-4
17707,2226-5
17708,3304-2
17709,2227-2
17710,3315-1
17711,4410-5
17712,3304-1
17713,1104-2
17714,1110-4
17715,1001-4
17716,2224-5
17717,1125-4
17718,5001-4
17719,1136-1
17720,3324-2
17721,5513-1
17722,3321-5
17723,1301-5
17724,1140-2
17725,5506-5
17726,1003-2
17727,5503-4
17728,1201-3
17729,1134-1
17730,5502-2
17731,3326-3
17732,1130-3
17733,4414-5
17734,5516-1
17735,2229-5
17736,4413-4
17737,1201-5
17738,1109-5
17739,5504-2
17740,2229-2
17741,3315-2
17742,1131-6
17743,1139-2
17744,1101-1
17745,3340-4
17746,4407-1
17747,2232-4
17748,1127-5
17749,5519-4
17750,1113-4
17751,1126-3
17752,5503-4
17753,1125-3
17754,1110-6
17755,5508-3
17756,1139-5
17757,3341-5
17758,6609-5
17759,2216-3
17760,1131-1
17761,2203-1
17762,2243-5
17763,6609-4
17764,1124-3
17765,5506-3
17766,1146-5
17767,4408-3
17768,5518-1
17769,5516-5
17770,1124-4
17771,1117-4
17772,2225-3
17773,2253-1
17774,1146-2
17775,1136-4
17776,2253-5
17777,2257-3
17778,5508-1
17779,2257-5
17780,2222-4
17781,1003-3
17782,2205-6
17783,1110-4
17784,2222-4
17785,2206-1
17786,2226-1
17787,4407-1
17788,2250-5
17789,3339-3
17790,3347-2
17791,4411-2
17792,3330-4
17793,3314-3
17794,3347-2
17795,5517-1
17796,2239-3
17797,1112-5
17798,1125-1
17799,1114-5
17800,1143-3
17801,1140-1
17802,2236-2
17803,3317-1
17804,2227-1
17805,4413-3
17806,1135-5
17807,5522-2
17808,1142-4
17809,3340-5
17810,3346-4
17811,1103-6
17812,6606-3
17813,4402-5
17814,1140-1
17815,2207-6
17816,3350-1
17817,1301-2
17818,6609-5
17819,6604-5
17820,1110-3
17821,2258-1
17822,1112-3
17823,2223-2
17824,2246-2
17825,5001-1
17826,5514-5
17827,5503-1
17828,2204-5
17829,2228-1
17830,4411-5
17831,5503-3
17832,3306-3
17833,2249-5
17834,5515-1
17835,1103-3
17836,4413-2
17837,3327-1
17838,3316-3
17839,2226-4
17840,2201-5
17841,2216-3
17842,5520-3
17843,2257-5
17844,3343-3
17845,3340-6
17846,4412-2
17847,3312-2
17848,6608-1
17849,4411-1
17850,4413-5
17851,2257-5
17852,1110-2
17853,1102-1
17854,2249-3
17855,3308-3
17856,6604-1
17857,3350-1
17858,5515-2
17859,1102-4
17860,2255-4
17861,4405-2
17862,5506-1
17863,3324-4
17864,6610-5
17865,3314-2
17866,2219-5
17867,5520-1
17868,3327-2
17869,3341-2
17870,2245-1
17871,1134-1
17872,2253-1
17873,1139-2
17874,1114-5
17875,2258-6
17876,2206-2
17877,3327-5
17878,2209-2
17879,1107-3
17880,2235-3
17881,2230-4
17882,2234-3
17883,1147-1
17884,6601-3
17885,6606-1
17886,3304-1
17887,5506-3
17888,3328-2
17889,4403-1
17890,2209-1
17891,4402-3
17892,2255-5
17893,2225-3
17894,3336-3
17895,3337-1
17896,1131-2
17897,5518-3
17898,2232-6
17899,1111-2
17900,3309-2
17901,5517-4
17902,1143-5
17903,2249-3
17904,3312-5
17905,1141-5
17906,2301-1
17907,6612-1
17908,1141-4
17909,3337-1
17910,5001-3
17911,5514-3
17912,1110-1
17913,6604-3
17914,5511-5
17915,4412-5
17916,2248-1
17917,2233-2
17918,3314-1
17919,1144-4
17920,1120-5
17921,6610-5
17922,2246-5
17923,6609-3
17924,5501-4
17925,2244-5
17926,5519-3
17927,2251-1
17928,2249-5
17929,4405-2
17930,3301-3
17931,2214-2
17932,1143-4
17933,1103-4
17934,1119-3
17935,4404-5
17936,2228-3
17937,2213-1
17938,3334-4
17939,1135-3
17940,3329-3
17941,5509-5
17942,3329-4
17943,3330-1
17944,5522-5
17945,4405-4
17946,1131-2
17947,6601-5
17948,2224-4
17949,3348-1
17950,3317-1
17951,3318-1
17952,5001-3
17953,2215-2
17954,1121-5
17955,1107-4
17956,1103-4
17957,3349-3
17958,1110-1
17959,3341-3
17960,6603-2
17961,3330-5
17962,3334-4
17963,4407-3
17964,2211-4
17965,1105-1
17966,3315-5
17967,5503-2
17968,3304-2
17969,4409-6
17970,4409-1
17971,6605-4
17972,2249-6
17973,5001-2
17974,3347-2
17975,3349-4
17976,3401-2
17977,4409-5
17978,6612-1
17979,6612-4
17980,5517-4
17981,4413-2
17982,2232-4
17983,3329-4
17984,6609-4
17985,2204-6
17986,1135-4
17987,5516-3
17988,5512-3
17989,1102-5
17990,3332-1
17991,1115-1
17992,3332-5
17993,1139-4
17994,4414-6
17995,6605-2
17996,2201-1
17997,5514-2
17998,5519-2
17999,2206-4
18000,2249-3
18001,2240-1
18002,3327-2
18003,5512-6
18004,2258-6
18005,1134-4
18006,5511-4
18007,2228-1
18008,4413-1
18009,2257-1
18010,4406-3
18011,6612-3
18012,2231-5
18013,6612-2
18014,5512-3
18015,2238-4
18016,1112-4
18017,3318-4
18018,6603-1
18019,2225-4
18020,2236-6
18021,2242-5
18022,1126-5
18023,2219-5
18024,3323-5
18025,3322-3
18026,5503-4
18027,3401-1
18028,6608-1
18029,1102-2
18030,5502-2
18031,1143-4
18032,2256-1
18033,1147-2
18034,3308-2
18035,5518-4
18036,1123-3
18037,1125-3
18038,2224-3
18039,4406-4
18040,3334-1
18041,6604-3
18042,1303-5
18043,1116-2
18044,2240-3
18045,1147-5
18046,1110-2
18047,3344-3
18048,1103-4
18049,2229-1
18050,2237-4
18051,2246-6
18052,2232-1
18053,5501-1
18054,1125-2
18055,1139-1
18056,1121-1
18057,1106-5
18058,1104-1
18059,2211-3
18060,1302-2
18061,3322-1
18062,5521-6
18063,1130-3
18064,1137-2
18065,3323-1
18066,1103-4
18067,1132-1
18068,3307-4
18069,6604-4
18070,5501-1
18071,1001-5
18072,2225-1
18073,3344-1
18074,2217-4
18075,2234-3
18076,3317-4
18077,2205-6
18078,5519-1
18079,2217-2
18080,3349-2
18081,3312-1
18082,2236-2
18083,3312-1
18084,3309-5
18085,1116-3
18086,1302-1
18087,1124-5
18088,5520-2
18089,1142-3
18090,1108-4
18091,2226-5
18092,1111-4
18093,3316-5
18094,4405-5
18095,2213-4
18096,2240-2
18097,1002-3
18098,1141-5
18099,2257-2
18100,2240-2
18101,1129-4
18102,1110-1
18103,3317-1
18104,3330-2
18105,2249-4
18106,6610-2
18107,2222-2
18108,2240-3
18109,3308-3
18110,2214-3
18111,2221-6
18112,1110-1
18113,5001-3
18114,2232-2
18115,6611-1
18116,4408-4
18117,1121-5
18118,1105-2
18119,1140-5
18120,2244-4
18121,1116-5
18122,3306-2
18123,4408-4
18124,5519-4
18125,1201-3
18126,1102-2
18127,1107-2
18128,1131-3
18129,3308-2
18130,2233-2
18131,2255-4
18132,2231-3
18133,1117-5
18134,3323-4
18135,3349-3
18136,2234-5
18137,3332-1
18138,1126-4
18139,2223-3
18140,3334-1
18141,2209-6
18142,1130-4
18143,4404-3
18144,1106-1
18145,1001-1
18146,1110-5
18147,4407-2
18148,2236-2
18149,3306-4
18150,2213-4
18151,2217-5
18152,1131-3
18153,2238-4
18154,3336-1
18155,3349-4
18156,5517-1
18157,5513-1
18158,3305-1
18159,3304-3
18160,1110-3
18161,2250-5
18162,1105-1
18163,1002-2
18164,3336-4
18165,2205-1
18166,1140-5
18167,2237-1
18168,6605-4
18169,2244-4
18170,2246-3
18171,6609-3
18172,2231-5
18173,3338-4
18174,2212-4
18175,2234-1
18176,2245-3
18177,5503-2
18178,3348-3
18179,3337-2
18180,6610-5
18181,6609-1
18182,5507-2
18183,2254-5
18184,3401-4
18185,2246-1
18186,2223-2
18187,6602-5
18188,3322-5
18189,1101-5
18190,1122-6
18191,2240-3
18192,1107-5
18193,3315-5
18194,3331-1
18195,2248-5
18196,2258-3
18197,1301-2
18198,2243-2
18199,4414-6
18200,3350-1
18201,4410-2
18202,2210-5
18203,3340-4
18204,5502-3
18205,3320-6
18206,2255-2
18207,5513-3
18208,1134-1
18209,5502-4
18210,4405-5
18211,5514-1
18212,1143-3
18213,5501-5
18214,2250-5
18215,2216-4
18216,3328-1
18217,3344-5
18218,2257-3
18219,2229-3
18220,1140-3
18221,2251-1
18222,3329-1
18223,5521-2
18224,4412-3
18225,1140-3
18226,3350-3
18227,2229-5
18228,3325-4
18229,5509-2
18230,3314-2
18231,4413-5
18232,2226-4
18233,3333-2
18234,3323-1
18235,3316-1
18236,3308-1
18237,2211-3
18238,3317-3
18239,2237-6
18240,2239-5
18241,5522-5
18242,2230-1
18243,3306-5
18244,1122-2
18245,6610-5
18246,3339-4
18247,3337-5
18248,3325-2
18249,1137-5
18250,2245-4
18251,5517-1
18252,5516-2
18253,1102-2
18254,1108-1
18255,1123-5
18256,3350-2
18257,1112-5
18258,2254-5
18259,1121-2
18260,5513-5
18261,4410-3
18262,2234-5
18263,3343-5
18264,2249-3
18265,4403-1
18266,2213-4
18267,5503-4
18268,1106-3
18269,4413-5
18270,6608-1
18271,3344-6
18272,2243-5
18273,5520-2
18274,3327-5
18275,3331-2
18276,2205-5
18277,3336-5
18278,1130-3
18279,1126-4
18280,3307-5
18281,1135-5
18282,1107-5
18283,2255-1
18284,6604-3
18285,6601-1
18286,1117-3
18287,2245-3
18288,1146-1
18289,4411-1
18290,1104-3
18291,1107-1
18292,5514-3
18293,2211-4
18294,3339-5
18295,2215-5
18296,1001-2
18297,3347-4
18298,2212-4
18299,3349-3
18300,1001-4
18301,1114-3
18302,2212-4
18303,6604-2
18304,1002-2
18305,1127-4
18306,2250-1
18307,2246-3
18308,1125-1
18309,3347-2
18310,1129-5
18311,1003-5
18312,3336-2
18313,3328-2
18314,1301-4
18315,2229-4
18316,2234-4
18317,1136-6
18318,1003-4
18319,2216-4
18320,1132-5
18321,2203-5
18322,4412-5
18323,1140-3
18324,3401-2
18325,1201-4
18326,4414-4
18327,2254-3
18328,4404-5
18329,2205-6
18330,2253-3
18331,5514-2
18332,2244-3
18333,4402-3
18334,3329-1
18335,1132-5
18336,6610-2
18337,1103-4
18338,1137-3
18339,2245-6
18340,2236-1
18341,3346-4
18342,2250-1
18343,1117-2
18344,6610-2
18345,1302-3
18346,1139-3
18347,2213-2
18348,6605-3
18349,2257-6
18350,3312-1
18351,3340-4
18352,3332-2
18353,4405-3
18354,5519-4
18355,3342-4
18356,2249-3
18357,5513-3
18358,3304-6
18359,2203-3
18360,2239-3
18361,3309-2
18362,2246-2
18363,2233-4
18364,2255-4
18365,3314-3
18366,2206-6
18367,2217-5
18368,2203-5
18369,3304-5
18370,6611-2
18371,4413-4
18372,1107-1
18373,1141-3
18374,5520-3
18375,1127-3
18376,1122-2
18377,3350-4
18378,2214-5
18379,5522-2
18380,5511-2
18381,1113-4
18382,3309-1
18383,2221-2
18384,5506-4
18385,2219-2
18386,3324-2
18387,2242-1
18388,1109-3
18389,4411-6
18390,1116-3
18391,5517-5
18392,1107-1
18393,1142-6
18394,1135-2
18395,5001-2
18396,2256-3
18397,5516-1
18398,6604-3
18399,2240-6
18400,2217-5
18401,2223-2
18402,5520-2
18403,2219-2
18404,6606-5
18405,2226-3
18406,5001-3
18407,1139-3
18408,3333-1
18409,2226-1
18410,3315-1
18411,1115-5
18412,3344-2
18413,2255-3
18414,1127-5
18415,6610-1
18416,2225-1
18417,1116-2
18418,4401-5
18419,2225-4
18420,3330-2
18421,1303-2
18422,5504-4
18423,1134-5
18424,3316-3
18425,3341-1
18426,5512-5
18427,4414-2
18428,1126-3
18429,2257-3
18430,1109-2
18431,1131-2
18432,6605-5
18433,2251-4
18434,6603-5
18435,3320-4
18436,3328-2
18437,2213-5
18438,1136-5
18439,1117-3
18440,2232-2
18441,1134-3
18442,2243-6
18443,4401-3
18444,2222-1
18445,1134-5
18446,2226-2
18447,2246-5
18448,3338-5
18449,5511-3
18450,2226-3
18451,1003-2
18452,2201-5
18453,3330-1
18454,1001-4
18455,2219-5
18456,4403-2
18457,5508-3
18458,4408-3
18459,4406-3
18460,3305-1
18461,1302-1
18462,1137-5
18463,1137-2
18464,3329-1
18465,3340-4
18466,2225-1
18467,4407-5
18468,5513-4
18469,3346-2
18470,1132-3
18471,3340-1
18472,4407-5
18473,5517-5
18474,2224-3
18475,3333-2
18476,3350-1
18477,1108-3
18478,1104-2
18479,1109-1
18480,3346-5
18481,3323-4
18482,4410-1
18483,3350-5
18484,2204-3
18485,4406-1
18486,5513-2
18487,1131-6
18488,2301-5
18489,1125-5
18490,3324-2
18491,1119-1
18492,3333-1
18493,5511-4
18494,3326-4
18495,2217-5
18496,5517-4
18497,2249-3
18498,3301-3
18499,5504-3
18500,3321-4
18501,3309-5
18502,3320-5
18503,3324-4
18504,4401-4
18505,6608-2
18506,2238-1
18507,6604-5
18508,3336-2
18509,6602-3
18510,1302-1
18511,3327-5
18512,5507-3
18513,2257-5
18514,6608-3
18515,1110-2
18516,2214-5
18517,4409-1
18518,1201-2
18519,6611-2
18520,2212-4
18521,3312-4
18522,2240-3
18523,1140-3
18524,1143-5
18525,5506-1
18526,5502-6
18527,3338-1
18528,2201-1
18529,1116-6
18530,1121-4
18531,5517-3
18532,2256-3
18533,2244-5
18534,6606-2
18535,1302-5
18536,1113-3
18537,1129-1
18538,2253-1
18539,5511-4
18540,4414-2
18541,1139-3
18542,2254-6
18543,5515-4
18544,2235-3
18545,2205-2
18546,1140-1
18547,6601-2
18548,4405-4
18549,2252-5
18550,1301-2
18551,2214-4
18552,2249-3
18553,2204-3
18554,1301-1
18555,1302-3
18556,1117-5
18557,6602-1
18558,3307-5
18559,2223-5
18560,2207-4
18561,1124-6
18562,5513-4
18563,2246-1
18564,2210-2
18565,2258-3
18566,1117-2
18567,1129-4
18568,1101-2
18569,6602-4
18570,5515-4
18571,5507-5
18572,2237-5
18573,3338-2
18574,6602-1
18575,6603-6
18576,1131-2
18577,3328-4
18578,3324-3
18579,2207-4
18580,5502-3
18581,5518-3
18582,2256-2
18583,2257-5
18584,3346-2
18585,2226-3
18586,5519-4
18587,1125-1
18588,3323-4
18589,1303-1
18590,3328-1
18591,4404-3
18592,3332-5
18593,2210-3
18594,3332-2
18595,3309-1
18596,2228-3
18597,4413-1
18598,2258-2
18599,3323-4
18600,5507-4
18601,3329-3
18602,2205-3
18603,6609-5
18604,2205-1
18605,5502-2
18606,3326-4
18607,2204-4
18608,3306-4
18609,2258-3
18610,2209-2
18611,2225-1
18612,3342-2
18613,1109-3
18614,3305-5
18615,1302-1
18616,6602-5
18617,3312-1
18618,3317-4
18619,2235-1
18620,5522-4
18621,3312-2
18622,2239-5
18623,2245-3
18624,2253-3
18625,3321-2
18626,3346-5
18627,1132-5
18628,2242-2
18629,1106-2
18630,1123-1
18631,1135-1
18632,3304-2
18633,3339-1
18634,3342-3
18635,1120-2
18636,5513-2
18637,2253-1
18638,2249-1
18639,5512-4
18640,2254-5
18641,3336-3
18642,4412-1
18643,3312-1
18644,1116-4
18645,2211-3
18646,2238-2
18647,6601-3
18648,2258-5
18649,5513-1
18650,2257-2
18651,3337-3
18652,5519-4
18653,2235-6
18654,2222-5
18655,3325-1
18656,3325-1
18657,2227-3
18658,1131-2
18659,3325-4
18660,6601-5
18661,1111-3
18662,2205-5
18663,5516-3
18664,2238-3
18665,2221-1
18666,2234-4
18667,1131-2
18668,3342-4
18669,2251-1
18670,2248-3
18671,3343-2
18672,5501-3
18673,5517-1
18674,6605-2
18675,1146-3
18676,2238-5
18677,5502-2
18678,1135-6
18679,2222-3
18680,2247-3
18681,2223-5
18682,6607-2
18683,5515-5
18684,5514-2
18685,2213-5
18686,2207-2
18687,2230-1
18688,6611-5
18689,3307-1
18690,6612-2
18691,2238-1
18692,4405-4
18693,3331-3
18694,2216-1
18695,5519-4
18696,1132-1
18697,6603-2
18698,3333-4
18699,1127-3
18700,6610-2
18701,1111-2
18702,1126-4
18703,2248-4
18704,1135-4
18705,2250-2
18706,1001-4
18707,1126-2
18708,5501-2
18709,3309-1
18710,3342-2
18711,1001-4
18712,3330-3
18713,6609-5
18714,5518-1
18715,2239-2
18716,2242-1
18717,1104-2
18718,4407-5
18719,2255-4
18720,3328-2
18721,5517-5
18722,4402-3
18723,2245-6
18724,5001-2
18725,3349-3
18726,6611-4
18727,1143-3
18728,2204-4
18729,1123-1
18730,3337-2
18731,1201-2
18732,2211-5
18733,3328-4
18734,5521-5
18735,5506-4
18736,3337-5
18737,5501-3
18738,5522-1
18739,2227-3
18740,2238-4
18741,1116-1
18742,3307-3
18743,5522-4
18744,6608-5
18745,1127-4
18746,2216-5
18747,1115-3
18748,1147-5
18749,1143-3
18750,3328-5
18751,1140-1
18752,1144-1
18753,3306-4
18754,1129-4
18755,3314-1
18756,1126-1
18757,3315-2
18758,1126-5
18759,3339-3
18760,1143-1
18761,3304-4
18762,2253-1
18763,1144-5
18764,3342-5
18765,3338-5
18766,1106-2
18767,2254-4
18768,2242-2
18769,1137-5
18770,4411-1
18771,3320-3
18772,4407-1
18773,3324-5
18774,1107-1
18775,2226-2
18776,3308-5
18777,2219-3
18778,1135-3
18779,2254-3
18780,5519-5
18781,2301-5
18782,3304-3
18783,1107-6
18784,6608-3
18785,3318-4
18786,5509-5
18787,1114-2
18788,1129-1
18789,1139-5
18790,1002-4
18791,2247-6
18792,2243-4
18793,1112-1
18794,6601-4
18795,2216-5
18796,3347-3
18797,3325-5
18798,3317-2
18799,1108-1
18800,2239-1
18801,2244-2
18802,2221-5
18803,2242-1
18804,5516-4
18805,1114-4
18806,1144-1
18807,3332-4
18808,3340-5
18809,2207-2
18810,1134-1
18811,5520-5
18812,2201-1
18813,2254-2
18814,2239-5
18815,2204-3
18816,2252-2
18817,5514-4
18818,1116-6
18819,2251-5
18820,4406-1
18821,2258-6
18822,2207-5
18823,3309-5
18824,2211-4
18825,3327-1
18826,1129-2
18827,1130-6
18828,2252-2
18829,5508-4
18830,1120-4
18831,1105-2
18832,1120-5
18833,4405-4
18834,6603-5
18835,3327-2
18836,2239-1
18837,1303-4
18838,4410-4
18839,2214-4
18840,5506-1
18841,2229-2
18842,2243-4
18843,1113-4
18844,2212-5
18845,2232-4
18846,1147-5
18847,2237-4
18848,1144-4
18849,5504-1
18850,1125-4
18851,3348-4
18852,3324-2
18853,2239-1
18854,5001-3
18855,1135-5
18856,1122-1
18857,2247-1
18858,1131-1
18859,5511-3
18860,3325-3
18861,5510-2
18862,5503-2
18863,1119-2
18864,1114-1
18865,2213-1
18866,2234-3
18867,2229-3
18868,2242-1
18869,2248-2
18870,1140-1
18871,1113-2
18872,1129-1
18873,2225-1
18874,1122-3
18875,2247-5
18876,3312-1
18877,2248-3
18878,5509-3
18879,2213-1
18880,1140-3
18881,2223-4
18882,1105-3
18883,1122-1
18884,5001-3
18885,4401-5
18886,3347-1
18887,2217-4
18888,2217-1
18889,2247-4
18890,2221-3
18891,4412-5
18892,2210-3
18893,2214-4
18894,2258-4
18895,2211-4
18896,1122-2
18897,5507-1
18898,5501-2
18899,1132-2
18900,3341-1
18901,5502-5
18902,2256-4
18903,5520-2
18904,1303-1
18905,1110-2
18906,6605-2
18907,5520-2
18908,1109-1
18909,1141-2
18910,1001-1
18911,1134-5
18912,1103-3
18913,1147-5
18914,6603-2
18915,6603-2
18916,2216-5
18917,6603-1
18918,1104-5
18919,3312-3
18920,3338-6
18921,3328-4
18922,2206-3
18923,2235-4
18924,2219-4
18925,3340-2
18926,1130-3
18927,2243-4
18928,1113-2
18929,1116-4
18930,1127-4
18931,6609-2
18932,1126-1
18933,3328-3
18934,4410-1
18935,1106-1
18936,3316-3
18937,1120-3
18938,1121-2
18939,6609-6
18940,4409-5
18941,4408-5
18942,2301-1
18943,2217-4
18944,1101-5
18945,1114-1
18946,1126-4
18947,1140-1
18948,3349-3
18949,3337-3
18950,2256-3
18951,5503-4
18952,2249-6
18953,5521-3
18954,2253-2
18955,1124-4
18956,2254-4
18957,3324-4
18958,1115-4
18959,3348-4
18960,2219-1
18961,5517-3
18962,2203-3
18963,5522-5
18964,3301-2
18965,3322-1
18966,2234-5
18967,1122-1
18968,6601-5
18969,2216-2
18970,3346-5
18971,3337-5
18972,3326-3
18973,5507-6
18974,1303-2
18975,1131-2
18976,2301-3
18977,1110-2
18978,5512-5
18979,1104-4
18980,2219-5
18981,2232-1
18982,1001-5
18983,2222-3
18984,5508-5
18985,5504-3
18986,1129-1
18987,4405-1
18988,1146-4
18989,3332-4
18990,3334-3
18991,3322-3
18992,1104-5
18993,2243-3
18994,2247-1
18995,2215-1
18996,6608-2
18997,1143-3
18998,1116-1
18999,3307-4
19000,2222-5
19001,3315-4
19002,1301-2
19003,2237-4
19004,3305-4
19005,1140-3
19006,3337-2
19007,5512-4
19008,1303-5
19009,2257-3
19010,6608-5
19011,1127-2
19012,3322-3
19013,3306-5
19014,2251-2
19015,2207-5
19016,5507-1
19017,3324-5
19018,2237-4
19019,3304-5
19020,6607-4
19021,2243-1
19022,2234-3
19023,2214-3
19024,6612-4
19025,3338-5
19026,6602-2
19027,5518-3
19028,2215-2
19029,5502-4
19030,1121-3
19031,3323-5
19032,5503-4
19033,1201-4
19034,2248-5
19035,3344-1
19036,1104-3
19037,2255-6
19038,3317-3
19039,2201-5
19040,2209-4
19041,2229-2
19042,2231-1
19043,3332-5
19044,5509-5
19045,2256-5
19046,4410-3
19047,3326-2
19048,5518-4
19049,4407-1
19050,3336-4
19051,4408-4
19052,3332-3
19053,2252-6
19054,2214-3
19055,1119-2
19056,2201-5
19057,3301-3
19058,4411-4
19059,2244-5
19060,1144-1
19061,1001-4
19062,1111-1
19063,4413-5
19064,4406-3
19065,2232-3
19066,5501-5
19067,6611-1
19068,2253-1
19069,1103-2
19070,3307-3
19071,1113-3
19072,4413-2
19073,2206-2
19074,1113-4
19075,3323-1
19076,2201-6
19077,4405-5
19078,3312-4
19079,2245-4
19080,2258-5
19081,3326-5
19082,1127-3
19083,3401-3
19084,2225-3
19085,5517-1
19086,2239-1
19087,3308-1
19088,1139-3
19089,1303-1
19090,1101-1
19091,5520-5
19092,1121-2
19093,2231-4
19094,6608-3
19095,3334-1
19096,2207-4
19097,1134-1
19098,2236-3
19099,3323-2
19100,3307-2
19101,4413-4
19102,4410-4
19103,6610-5
19104,3338-3
19105,3312-2
19106,1122-5
19107,4411-5
19108,3330-1
19109,6602-5
19110,1112-4
19111,6606-1
19112,3324-4
19113,2244-5
19114,3338-1
19115,3301-4
19116,2219-2
19117,4402-2
19118,3326-5
19119,1122-5
19120,2201-5
19121,2216-6
19122,6610-3
19123,1109-2
19124,1137-3
19125,2301-2
19126,2256-3
19127,5518-3
19128,1122-1
19129,1131-6
19130,5521-3
19131,3401-5
19132,1104-1
19133,5508-6
19134,2217-4
19135,2207-1
19136,3324-2
19137,3341-2
19138,3309-1
19139,2252-1
19140,4414-3
19141,1117-5
19142,3316-5
19143,2212-4
19144,2256-3
19145,2257-1
19146,1125-4
19147,6609-2
19148,1126-5
19149,6609-5
19150,3401-4
19151,2215-5
19152,2215-3
19153,5512-4
19154,1144-1
19155,3330-2
19156,3330-4
19157,1132-3
19158,5001-2
19159,5522-4
19160,2219-5
19161,4405-2
19162,1109-3
19163,2214-4
19164,1119-1
19165,3316-5
19166,3337-2
19167,1201-4
19168,2240-3
19169,1201-3
19170,3336-5
19171,1137-3
19172,1109-1
19173,1104-6
19174,4413-3
19175,1003-2
19176,1125-2
19177,1119-3
19178,3315-3
19179,6603-2
19180,2229-5
19181,2237-1
19182,3306-5
19183,3336-4
19184,5510-1
19185,2206-1
19186,5502-4
19187,1146-6
19188,5512-5
19189,2236-5
19190,2301-3
19191,3301-1
19192,5505-4
19193,5512-1
19194,6608-4
19195,3349-4
19196,2221-5
19197,3338-2
19198,4407-4
19199,3317-5
19200,2236-3
19201,3309-5
19202,5508-5
19203,3322-4
19204,3314-1
19205,4414-2
19206,5502-2
19207,3312-5
19208,1105-5
19209,1301-5
19210,1108-2
19211,1110-4
19212,1116-3
19213,3330-4
19214,2216-5
19215,1113-3
19216,4402-4
19217,6609-4
19218,2246-5
19219,6605-1
19220,1303-5
19221,1003-2
19222,1146-2
19223,4406-2
19224,1114-2
19225,3321-2
19226,1114-6
19227,5519-4
19228,1111-3
19229,4402-4
19230,1116-1
19231,1121-2
19232,5502-2
19233,1139-3
19234,2251-6
19235,5516-4
19236,2253-2
19237,2211-3
19238,4406-2
19239,2227-4
19240,1120-4
19241,3308-5
19242,1127-2
19243,1301-3
19244,5506-3
19245,4409-5
19246,2301-1
19247,5519-1
19248,1136-1
19249,3336-1
19250,1002-6
19251,3350-2
19252,1132-4
19253,2246-1
19254,2239-1
19255,5508-5
19256,2257-1
19257,5522-1
19258,1113-2
19259,2226-5
19260,3328-1
19261,1109-3
19262,3316-3
19263,3334-2
19264,3339-6
19265,2225-5
19266,5517-3
19267,1103-1
19268,3341-1
19269,1117-1
19270,1116-6
19271,2258-1
19272,6604-4
19273,2205-2
19274,3315-1
19275,1129-5
19276,5510-1
19277,3301-4
19278,2203-5
19279,2227-4
19280,1139-4
19281,1104-4
19282,3333-2
19283,2256-5
19284,2250-2
19285,5520-2
19286,1136-4
19287,3312-3
19288,1143-1
19289,2252-2
19290,3320-5
19291,1141-5
19292,2236-2
19293,5514-3
19294,5519-2
19295,1136-4
19296,1107-2
19297,2250-4
19298,3338-1
19299,3340-3
19300,2219-1
19301,1108-4
19302,1130-4
19303,5510-1
19304,3329-2
19305,3342-1
19306,1146-2
19307,5521-1
19308,1117-1
19309,5508-2
19310,1142-3
19311,2234-4
19312,1127-4
19313,2215-1
19314,2232-1
19315,5506-3
19316,2212-1
19317,1134-5
19318,2227-5
19319,5521-5
19320,5515-1
19321,2219-4
19322,2244-6
19323,2209-2
19324,2230-3
19325,1120-2
19326,2250-6
19327,5510-5
19328,3312-3
19329,4401-1
19330,1112-5
19331,3317-3
19332,3326-3
19333,1124-3
19334,3329-3
19335,6605-4
19336,1143-1
19337,3330-5
19338,6611-3
19339,2242-5
19340,2249-3
19341,5518-4
19342,1146-3
19343,3318-3
19344,5508-1
19345,2257-4
19346,5501-1
19347,2244-1
19348,1112-1
19349,1146-6
19350,2217-2
19351,1111-6
19352,3331-4
19353,1139-2
19354,6605-2
19355,3341-3
19356,3328-5
19357,2207-6
19358,5522-6
19359,1122-5
19360,5504-5
19361,3304-5
19362,2205-3
19363,1001-4
19364,6601-2
19365,5514-1
19366,1111-1
19367,3317-1
19368,5521-5
19369,4410-4
19370,3348-4
19371,3324-2
19372,1105-4
19373,2215-2
19374,2242-4
19375,1112-3
19376,2257-5
19377,3326-4
19378,2233-6
19379,5516-4
19380,1130-5
19381,1124-2
19382,1113-5
19383,1134-4
19384,5513-3
19385,2206-1
19386,3338-3
19387,1135-2
19388,1301-5
19389,2217-1
19390,5512-3
19391,2244-4
19392,2256-3
19393,6612-2
19394,2214-3
19395,3309-4
19396,3318-2
19397,3340-4
19398,2240-1
19399,5001-2
19400,5519-2
19401,1139-4
19402,2301-2
19403,6611-5
19404,2224-1
19405,5521-3
19406,3315-2
19407,5506-2
19408,2213-4
19409,2246-2
19410,3341-1
19411,4408-2
19412,3321-5
19413,2232-5
19414,2243-3
19415,4401-2
19416,3338-6
19417,3340-4
19418,3323-1
19419,4406-1
19420,2201-3
19421,3344-4
19422,6609-6
19423,2207-5
19424,4410-4
19425,2211-4
19426,1122-4
19427,3324-3
19428,1107-4
19429,3301-2
19430,3332-4
19431,6604-2
19432,1107-5
19433,3401-4
19434,2204-2
19435,6602-5
19436,2233-1
19437,5507-1
19438,2201-1
19439,2229-2
19440,2225-1
19441,2219-1
19442,3318-2
19443,3320-2
19444,3348-5
19445,2236-5
19446,4408-5
19447,2210-2
19448,3342-1
19449,3334-2
19450,1303-3
19451,1123-3
19452,2207-5
19453,1137-1
19454,3301-4
19455,2201-1
19456,2229-1
19457,2224-3
19458,6602-5
19459,3318-5
19460,5508-1
19461,5513-4
19462,4406-1
19463,3308-3
19464,2204-3
19465,3341-3
19466,4402-2
19467,3328-6
19468,3321-3
19469,4401-6
19470,2234-3
19471,1131-3
19472,1120-5
19473,2210-1
19474,3307-2
19475,2217-2
19476,2231-2
19477,6610-2
19478,2230-3
19479,1111-1
19480,1114-1
19481,3304-2
19482,1119-1
19483,1303-5
19484,2217-1
19485,3326-5
19486,2254-1
19487,4401-5
19488,2250-4
19489,5501-3
19490,2253-3
19491,3347-2
19492,1124-6
19493,6601-2
19494,2221-3
19495,3321-5
19496,1110-4
19497,2230-4
19498,1124-4
19499,2213-1
19500,2210-5
19501,3305-4
19502,3301-5
19503,3327-3
19504,5522-1
19505,5502-1
19506,2237-4
19507,2214-4
19508,1146-3
19509,2249-5
19510,1126-1
19511,1102-5
19512,5520-4
19513,3328-5
19514,3332-4
19515,2226-5
19516,1123-6
19517,1116-2
19518,2214-1
19519,3344-5
19520,1108-4
19521,2207-4
19522,1127-1
19523,2240-4
19524,3321-4
19525,2217-5
19526,2234-4
19527,2242-2
19528,2217-5
19529,1127-5
19530,1122-4
19531,1127-5
19532,2205-5
19533,2250-2
19534,3330-4
19535,1108-5
19536,1135-4
19537,2244-5
19538,6602-3
19539,6608-3
19540,3346-3
19541,2234-4
19542,1120-3
19543,1002-2
19544,1137-2
19545,4401-1
19546,2237-2
19547,3332-4
19548,3309-3
19549,5518-5
19550,3326-5
19551,6610-5
19552,3336-4
19553,1002-2
19554,3301-2
19555,1105-5
19556,6606-2
19557,3324-5
19558,1201-5
19559,1116-2
19560,4403-1
19561,2225-4
19562,4405-6
19563,3339-1
19564,6605-1
19565,1137-2
19566,3305-1
19567,2245-2
19568,2221-2
19569,3301-3
19570,5506-2
19571,2231-1
19572,5506-3
19573,5502-4
19574,3308-2
19575,5508-1
19576,3312-4
19577,1003-4
19578,3328-2
19579,1106-4
19580,1132-5
19581,2233-3
19582,1302-4
19583,1303-4
19584,3306-5
19585,3320-1
19586,4409-5
19587,4403-3
19588,3340-1
19589,2237-4
19590,5515-2
19591,1130-5
19592,4414-5
19593,4413-4
19594,2248-5
19595,2207-3
19596,1201-4
19597,2301-5
19598,5510-2
19599,3337-2
19600,1136-2
19601,1302-4
19602,2231-1
19603,2257-2
19604,2231-3
19605,1119-1
19606,1120-3
19607,5504-2
19608,2211-6
19609,1132-3
19610,5521-4
19611,3312-1
19612,3344-5
19613,6607-2
19614,1112-4
19615,1147-4
19616,5515-5
19617,5001-3
19618,6602-4
19619,3307-3
19620,2250-2
19621,1122-5
19622,3333-1
19623,1103-4
19624,3331-4
19625,2210-1
19626,3317-6
19627,2258-5
19628,2205-5
19629,2205-3
19630,1115-4
19631,1122-2
19632,5522-3
19633,5522-2
19634,1139-2
19635,1105-2
19636,2217-3
19637,3334-6
19638,2230-3
19639,3337-5
19640,5504-3
19641,2249-5
19642,1110-1
19643,2216-1
19644,1141-1
19645,4405-5
19646,2226-4
19647,5507-6
19648,4409-3
19649,6606-2
19650,1134-1
19651,3341-2
19652,1143-5
19653,2201-3
19654,1141-5
19655,2255-5
19656,2232-3
19657,5522-4
19658,4406-2
19659,2232-5
19660,2205-5
19661,4413-3
19662,6610-5
19663,2207-3
19664,2235-2
19665,6611-2
19666,4407-4
19667,4403-1
19668,6610-4
19669,4412-2
19670,3327-3
19671,5508-6
19672,3324-1
19673,1102-5
19674,1147-5
19675,2225-4
19676,5513-1
19677,5522-4
19678,5513-1
19679,2238-1
19680,1114-6
19681,1125-1
19682,3350-6
19683,1107-5
19684,2204-3
19685,1302-3
19686,1303-1
19687,3304-1
19688,2233-4
19689,3346-2
19690,2251-2
19691,6606-3
19692,3349-1
19693,3334-5
19694,1140-3
19695,2232-3
19696,1107-3
19697,3306-4
19698,2242-2
19699,2250-3
19700,5516-1
19701,3338-4
19702,1116-3
19703,3349-1
19704,2249-4
19705,4411-5
19706,5502-3
19707,2258-2
19708,1002-6
19709,2257-4
19710,5516-2
19711,1113-5
19712,1122-6
19713,3322-5
19714,1129-4
19715,1102-3
19716,4413-5
19717,2236-5
19718,1126-5
19719,1102-4
19720,5512-3
19721,2219-5
19722,3320-1
19723,5506-5
19724,1201-5
19725,4409-1
19726,3328-5
19727,5502-4
19728,1301-2
19729,6611-1
19730,2244-5
19731,2227-1
19732,2225-5
19733,2257-4
19734,1141-5
19735,3348-3
19736,1111-1
19737,2226-2
19738,1122-2
19739,3329-5
19740,5522-1
19741,3306-4
19742,3329-2
19743,5501-3
19744,2205-5
19745,5516-3
19746,5516-5
19747,5501-3
19748,3309-5
19749,1109-4
19750,3316-4
19751,6611-3
19752,1114-3
19753,1120-3
19754,2234-3
19755,2255-5
19756,2225-1
19757,4410-4
19758,2213-4
19759,2245-1
19760,2203-3
19761,3330-1
19762,6608-5
19763,3331-1
19764,3341-1
19765,3330-1
19766,3333-5
19767,5519-3
19768,2215-4
19769,6607-1
19770,3350-1
19771,2257-1
19772,6603-5
19773,2205-2
19774,2250-2
19775,2253-1
19776,3308-3
19777,1142-4
19778,3329-3
19779,1131-3
19780,1132-1
19781,1103-3
19782,1131-3
19783,3401-2
19784,3308-4
19785,3346-3
19786,1121-3
19787,2210-2
19788,1110-1
19789,1134-3
19790,4403-5
19791,5512-3
19792,3314-3
19793,6603-1
19794,5521-3
19795,3346-2
19796,5509-3
19797,4406-3
19798,1103-2
19799,5516-6
19800,1104-5
19801,3342-3
19802,6604-5
19803,6605-4
19804,1115-2
19805,1130-4
19806,6606-5
19807,5501-5
19808,1122-1
19809,2258-1
19810,4414-4
19811,1144-5
19812,2227-1
19813,1302-2
19814,2257-5
19815,3338-3
19816,6604-1
19817,1102-6
19818,5506-5
19819,5502-1
19820,2211-5
19821,3346-6
19822,4410-4
19823,1140-3
19824,1002-5
19825,4406-4
19826,4410-2
19827,2244-5
19828,1141-2
19829,2258-4
19830,1123-5
19831,2235-2
19832,1141-1
19833,3324-2
19834,6612-5
19835,1201-2
19836,4407-6
19837,2214-1
19838,2229-3
19839,2237-1
19840,3320-4
19841,1122-4
19842,5506-2
19843,3348-3
19844,2254-2
19845,2203-2
19846,4413-2
19847,3336-3
19848,5521-4
19849,1135-2
19850,2239-4
19851,4404-5
19852,3344-1
19853,1120-2
19854,2214-4
19855,2215-1
19856,1141-3
19857,1002-4
19858,2242-5
19859,3316-4
19860,3316-6
19861,2234-2
19862,1134-1
19863,1129-4
19864,3309-3
19865,3326-5
19866,2222-3
19867,3349-1
19868,4410-5
19869,2217-4
19870,6612-6
19871,5509-3
19872,1140-1
19873,4401-5
19874,1144-1
19875,5519-3
19876,2211-4
19877,2227-4
19878,4407-4
19879,2213-2
19880,6610-5
19881,5513-5
19882,2219-3
19883,5510-5
19884,3321-6
19885,1140-2
19886,1142-2
19887,1126-6
19888,2237-5
19889,1104-1
19890,2209-4
19891,2216-3
19892,2231-1
19893,2237-5
19894,3312-4
19895,2228-4
19896,2245-6
19897,5508-3
19898,2249-5
19899,5505-3
19900,1114-3
19901,2226-5
19902,2249-1
19903,2221-3
19904,1142-4
19905,3346-4
19906,5510-3
19907,5514-5
19908,2226-1
19909,5505-1
19910,1109-2
19911,1126-4
19912,3320-1
19913,6610-5
19914,1130-2
19915,6611-1
19916,3333-1
19917,1135-4
19918,1131-4
19919,2226-2
19920,1125-5
19921,1134-5
19922,2231-5
19923,2256-3
19924,1103-1
19925,2257-4
19926,1103-3
19927,3308-5
19928,1104-5
19929,3349-5
19930,3328-4
19931,3339-1
19932,5515-1
19933,1125-4
19934,3325-3
19935,1101-4
19936,6601-5
19937,2207-1
19938,5510-3
19939,5521-1
19940,4408-4
19941,1127-4
19942,1122-4
19943,1301-5
19944,3301-6
19945,4404-4
19946,1104-1
19947,5518-5
19948,2301-5
19949,5502-4
19950,1141-2
19951,1131-1
19952,2248-3
19953,5511-4
19954,6604-5
19955,1107-6
19956,1107-1
19957,5522-2
19958,2257-5
19959,5519-3
19960,3334-3
19961,4409-5
19962,1146-4
19963,2211-2
19964,5520-4
19965,5503-4
19966,1302-2
19967,5504-1
19968,3312-2
19969,4404-2
19970,2227-5
19971,1114-3
19972,1129-5
19973,5519-1
19974,2203-5
19975,2219-2
19976,5504-2
19977,1117-6
19978,1130-5
19979,1002-3
19980,6607-5
19981,3338-4
19982,1123-5
19983,2201-5
19984,2217-5
19985,1140-5
19986,1132-3
19987,4406-5
19988,2221-1
19989,1101-4
19990,2248-2
19991,3314-2
19992,3308-3
19993,2228-3
19994,3304-1
19995,1201-2
19996,2255-2
19997,4410-3
19998,6603-2
19999,6609-4
20000,2245-4
20001,3327-3
20002,3324-5
20003,3342-4
20004,3305-5
20005,6611-1
20006,3342-5
20007,3334-1
20008,2210-4
20009,5505-2
20010,4404-2
20011,5521-1
20012,1003-6
20013,3330-5
20014,2229-4
20015,1303-4
20016,4402-4
20017,3305-5
20018,5513-1
20019,5505-2
20020,1131-4
20021,2254-1
20022,3349-2
20023,2207-4
20024,4405-1
20025,4411-1
20026,1127-1
20027,2223-5
20028,3333-3
20029,2224-4
20030,4405-5
20031,4408-3
20032,6604-4
20033,5506-5
20034,2234-1
20035,6603-3
20036,3312-1
20037,1201-3
20038,2250-2
20039,5505-5
20040,6611-3
20041,5519-2
20042,1109-3
20043,3338-2
20044,3344-6
20045,5515-1
20046,1002-4
20047,3337-3
20048,2249-2
20049,1123-5
20050,1140-5
20051,2301-6
20052,1147-1
20053,3326-3
20054,3325-3
20055,3344-4
20056,3343-1
20057,3325-4
20058,3343-1
20059,1111-3
20060,2235-5
20061,2205-4
20062,1127-5
20063,1117-3
20064,3339-5
20065,2236-2
20066,3329-3
20067,2256-1
20068,2205-4
20069,6611-1
20070,1117-3
20071,3331-1
20072,5518-3
20073,3315-4
20074,2222-2
20075,2219-5
20076,5505-3
20077,4405-3
20078,2222-5
20079,3306-4
20080,5515-3
20081,3327-6
20082,2214-6
20083,3315-4
20084,1103-3
20085,3333-6
20086,5507-1
20087,4401-4
20088,4406-2
20089,2250-4
20090,3331-3
20091,1127-3
20092,1146-1
20093,1125-4
20094,3329-1
20095,5509-2
20096,4401-3
20097,1130-5
20098,1143-2
20099,5503-2
20100,2231-5
20101,1111-1
20102,1113-5
20103,3340-2
20104,1132-4
20105,3348-3
20106,2255-3
20107,2257-2
20108,2243-3
20109,1146-4
20110,1142-2
20111,3344-6
20112,4412-4
20113,2250-4
20114,1122-2
20115,3330-1
20116,5503-4
20117,2222-5
20118,1103-2
20119,4412-5
20120,3326-1
20121,3346-1
20122,3323-4
20123,1140-4
20124,5515-1
20125,2254-3
20126,5507-6
20127,3315-5
20128,1137-2
20129,3304-6
20130,1110-6
20131,1122-2
20132,1109-5
20133,4404-3
20134,5522-4
20135,4402-2
20136,2217-1
20137,3301-3
20138,2247-3
20139,2201-5
20140,1139-2
20141,6609-4
20142,1104-4
20143,4405-3
20144,2209-3
20145,3312-4
20146,2247-6
20147,2204-4
20148,2206-2
20149,5516-5
20150,2223-3
20151,4409-5
20152,2251-2
20153,2238-6
20154,2254-3
20155,1125-5
20156,1109-4
20157,5516-3
20158,5516-3
20159,2209-3
20160,1112-2
20161,6605-1
20162,1129-3
20163,1110-4
20164,2242-4
20165,6612-1
20166,3306-6
20167,3350-5
20168,3323-2
20169,4401-2
20170,1119-4
20171,1136-2
20172,3301-2
20173,3332-2
20174,4407-5
20175,1003-2
20176,3322-2
20177,1302-1
20178,1142-1
20179,3318-5
20180,5506-1
20181,3312-1
20182,1201-4
20183,4405-2
20184,3346-4
20185,5520-1
20186,1140-6
20187,1003-5
20188,2250-5
20189,2216-5
20190,2234-3
20191,2242-5
20192,2227-1
20193,2225-1
20194,2222-4
20195,3301-6
20196,3338-1
20197,1143-3
20198,3305-1
20199,3349-6
20200,5514-1
20201,6603-1
20202,6611-4
20203,3325-1
20204,1002-2
20205,2204-6
20206,3327-4
20207,2213-5
20208,1111-4
20209,5519-4
20210,1102-3
20211,5519-4
20212,3315-3
20213,3329-3
20214,3301-4
20215,3317-3
20216,1116-5
20217,5512-2
20218,1104-1
20219,3316-3
20220,3312-1
20221,2204-1
20222,2204-6
20223,4414-3
20224,1132-4
20225,2221-2
20226,1301-2
20227,5503-1
20228,1121-1
20229,3348-3
20230,6605-1
20231,2205-1
20232,1125-1
20233,1104-5
20234,1101-4
20235,1144-4
20236,4412-1
20237,2210-2
20238,3343-5
20239,2239-4
20240,1102-3
20241,1301-3
20242,2219-1
20243,1201-1
20244,3314-4
20245,1110-3
20246,2239-2
20247,1112-2
20248,2213-1
20249,1120-1
20250,2206-2
20251,1147-1
20252,4402-4
20253,1302-1
20254,3344-2
20255,5507-2
20256,2211-6
20257,2228-4
20258,1134-2
20259,6605-3
20260,2254-5
20261,4412-5
20262,3343-5
20263,1302-1
20264,4407-4
20265,1109-3
20266,5516-1
20267,3314-2
20268,3312-5
20269,1132-3
20270,5512-6
20271,1001-5
20272,5520-4
20273,2219-2
20274,2209-5
20275,5504-3
20276,3333-1
20277,3337-3
20278,3347-1
20279,2205-4
20280,2235-4
20281,2222-1
20282,2258-4
20283,1102-4
20284,2246-3
20285,5514-5
20286,6603-3
20287,4402-4
20288,5502-2
20289,5519-5
20290,1127-5
20291,5512-1
20292,5513-5
20293,3328-4
20294,2214-3
20295,1106-3
20296,6605-1
20297,3318-4
20298,1140-1
20299,1126-5
20300,6608-3
20301,2232-2
20302,3346-3
20303,1116-5
20304,1115-5
20305,1117-4
20306,1104-3
20307,2232-2
20308,1130-3
20309,3326-3
20310,1105-1
20311,3341-2
20312,5517-5
20313,2252-4
20314,5505-5
20315,1120-2
20316,3338-5
20317,1132-4
20318,2215-3
20319,1123-3
20320,3346-1
20321,1116-2
20322,5518-3
20323,1140-5
20324,2238-4
20325,5512-4
20326,6601-1
20327,3309-2
20328,3316-5
20329,3328-1
20330,3329-6
20331,5501-5
20332,3317-3
20333,1302-4
20334,2229-4
20335,2215-3
20336,5512-6
20337,3328-5
20338,3304-4
20339,1122-5
20340,1131-4
20341,2228-1
20342,6603-2
20343,5518-2
20344,2249-3
20345,1130-1
20346,1119-1
20347,5506-4
20348,1105-2
20349,1129-1
20350,2211-2
20351,3324-6
20352,1123-1
20353,4404-5
20354,5518-4
20355,3322-4
20356,1116-1
20357,5520-3
20358,1147-5
20359,1115-5
20360,3331-2
20361,3316-1
20362,3306-4
20363,5510-4
20364,5518-1
20365,2207-4
20366,3324-3
20367,1141-3
20368,3348-5
20369,1127-6
20370,3328-3
20371,1144-2
20372,2214-3
20373,3304-1
20374,2207-6
20375,1117-4
20376,6603-3
20377,1140-1
20378,2213-6
20379,4413-4
20380,5504-2
20381,3330-5
20382,2214-1
20383,2204-2
20384,5505-6
20385,5501-4
20386,2238-3
20387,1104-2
20388,2233-4
20389,5506-6
20390,5522-2
20391,4408-5
20392,1117-4
20393,2233-3
20394,3348-5
20395,6607-3
20396,5509-2
20397,5514-4
20398,6606-3
20399,3329-2
20400,2256-5
20401,4405-4
20402,4406-4
20403,3349-2
20404,5509-5
20405,2207-1
20406,2256-4
20407,3307-3
20408,2228-6
20409,6606-1
20410,6611-4
20411,3341-4
20412,3326-5
20413,4410-4
20414,1125-6
20415,1109-2
20416,1002-6
20417,2255-5
20418,1119-4
20419,5502-2
20420,5517-2
20421,4413-2
20422,2227-6
20423,5001-3
20424,4406-2
20425,2226-2
20426,3326-4
20427,2227-1
20428,4413-5
20429,1141-1
20430,3321-1
20431,3309-4
20432,1139-4
20433,4401-2
20434,3325-1
20435,2226-5
20436,3307-1
20437,1147-1
20438,1106-3
20439,1119-4
20440,2210-6
20441,6607-1
20442,1126-6
20443,2211-1
20444,2229-1
20445,1140-6
20446,3344-3
20447,3338-5
20448,3329-4
20449,2258-5
20450,4412-6
20451,5517-4
20452,3336-4
20453,1301-5
20454,1140-2
20455,1130-4
20456,2206-2
20457,1123-5
20458,3340-1
20459,3334-2
20460,3342-2
20461,1131-4
20462,3324-2
20463,2256-3
20464,3332-1
20465,1110-3
20466,3341-3
20467,5001-4
20468,5502-5
20469,1123-2
20470,1140-3
20471,5517-2
20472,3346-2
20473,3346-5
20474,1140-4
20475,1130-3
20476,3318-4
20477,6605-5
20478,2240-5
20479,3336-6
20480,3320-3
20481,2249-3
20482,5502-1
20483,4406-5
20484,3305-5
20485,3341-4
20486,1112-1
20487,6603-4
20488,1103-1
20489,1132-3
20490,1134-3
20491,2209-3
20492,3304-1
20493,3327-5
20494,5514-5
20495,4403-2
20496,2239-5
20497,5509-4
20498,1102-4
20499,1201-2
20500,6612-1
20501,3315-1
20502,2204-4
20503,1106-1
20504,2253-3
20505,4414-3
20506,1126-3
20507,6611-5
20508,1124-4
20509,2245-2
20510,5513-4
20511,1115-5
20512,6611-3
20513,5510-1
20514,2204-5
20515,3332-3
20516,2219-3
20517,1107-4
20518,2256-5
20519,6601-3
20520,3308-4
20521,4405-1
20522,2239-5
20523,1127-2
20524,2228-4
20525,1122-1
20526,2228-4
20527,1103-4
20528,1110-4
20529,6606-4
20530,6606-5
20531,5513-5
20532,2251-5
20533,3339-3
20534,3330-6
20535,3332-4
20536,2236-1
20537,3315-3
20538,2229-4
20539,2201-3
20540,1135-3
20541,6610-2
20542,1147-3
20543,1140-4
20544,3336-3
20545,2217-2
20546,2201-5
20547,2213-2
20548,3322-4
20549,3307-4
20550,3328-2
20551,5520-1
20552,3338-5
20553,5509-1
20554,6610-2
20555,4414-3
20556,3309-3
20557,2248-3
20558,1134-3
20559,1127-2
20560,1122-1
20561,1003-4
20562,3306-1
20563,3332-1
20564,2230-4
20565,2225-4
20566,2226-2
20567,1124-1
20568,5506-3
20569,5502-4
20570,2245-4
20571,4412-1
20572,4413-4
20573,3339-3
20574,2203-2
20575,3341-4
20576,5513-5
20577,6604-4
20578,2256-4
20579,4412-1
20580,6611-1
20581,5504-1
20582,1135-5
20583,1001-5
20584,1142-5
20585,1110-5
20586,1201-5
20587,3323-1
20588,2230-2
20589,1110-5
20590,3328-4
20591,2227-4
20592,1127-2
20593,2243-6
20594,1123-2
20595,2257-3
20596,1106-5
20597,1201-4
20598,1117-4
20599,2253-6
20600,2233-1
20601,1126-5
20602,1117-5
20603,1144-4
20604,3317-1
20605,2205-1
20606,1108-5
20607,2214-4
20608,5517-2
20609,2233-2
20610,3329-2
20611,2242-4
20612,1110-4
20613,6610-1
20614,2201-4
20615,6602-4
20616,3401-4
20617,2227-1
20618,3324-2
20619,3347-5
20620,5502-4
20621,6605-5
20622,1003-4
20623,6610-4
20624,1140-1
20625,1303-5
20626,1143-5
20627,5521-1
20628,1117-4
20629,2229-5
20630,1131-4
20631,4410-1
20632,2237-5
20633,1139-1
20634,1140-1
20635,1126-1
20636,5511-4
20637,3316-3
20638,1122-3
20639,1139-3
20640,3337-5
20641,1115-2
20642,2233-3
20643,2237-2
20644,3324-4
20645,2250-1
20646,1113-2
20647,3401-1
20648,1122-1
20649,1125-3
20650,2243-5
20651,6612-1
20652,5501-1
20653,6610-5
20654,2226-5
20655,1127-3
20656,2251-2
20657,1125-4
20658,3307-5
20659,2238-1
20660,1144-5
20661,6601-5
20662,2233-1
20663,1303-5
20664,2207-1
20665,3331-4
20666,3304-5
20667,4412-4
20668,2225-1
20669,4401-1
20670,3306-1
20671,1111-3
20672,6602-3
20673,5515-3
20674,2210-5
20675,1139-4
20676,5522-3
20677,3347-2
20678,1132-1
20679,6606-5
20680,2242-2
20681,2245-5
20682,2301-1
20683,2243-2
20684,1144-2
20685,4410-3
20686,3349-4
20687,3339-2
20688,2219-2
20689,5513-5
20690,3340-5
20691,2205-3
20692,4413-4
20693,2253-5
20694,3339-1
20695,1105-1
20696,1107-1
20697,2228-2
20698,2247-6
20699,1003-2
20700,2239-4
20701,4401-2
20702,5510-2
20703,3327-2
20704,6604-4
20705,1104-1
20706,2215-1
20707,1144-3
20708,1109-6
20709,5504-2
20710,2243-2
20711,3333-4
20712,3346-2
20713,2246-4
20714,2229-5
20715,2211-1
20716,2244-5
20717,3348-2
20718,3344-4
20719,3334-3
20720,1108-1
20721,3305-5
20722,2301-6
20723,6601-3
20724,6605-3
20725,2301-1
20726,3323-2
20727,3329-1
20728,3337-1
20729,5501-5
20730,2222-4
20731,1134-3
20732,3334-3
20733,3327-5
20734,2227-5
20735,3312-2
20736,4402-2
20737,3330-2
20738,3307-6
20739,2245-2
20740,1119-2
20741,3325-1
20742,5506-1
20743,1112-2
20744,2237-5
20745,2209-3
20746,2233-4
20747,4401-5
20748,2206-6
20749,3340-2
20750,1003-1
20751,1103-2
20752,2214-4
20753,2212-5
20754,3338-1
20755,2209-1
20756,4408-4
20757,5001-3
20758,1303-3
20759,3321-2
20760,1137-4
20761,3344-2
20762,2301-4
20763,6603-4
20764,2239-3
20765,5519-6
20766,3326-4
20767,6609-3
20768,5513-4
20769,4403-2
20770,2206-1
20771,5510-4
20772,1115-4
20773,1142-1
20774,2242-5
20775,4403-1
20776,3325-1
20777,1140-5
20778,1115-1
20779,2256-3
20780,2215-4
20781,3305-4
20782,1107-4
20783,3306-4
20784,3337-3
20785,3346-5
20786,5507-5
20787,3318-4
20788,3401-1
20789,2203-1
20790,2257-2
20791,4410-2
20792,1131-3
20793,6605-5
20794,1137-5
20795,5001-2
20796,5517-2
20797,3332-5
20798,2251-4
20799,2221-2
20800,2239-5
20801,1111-1
20802,1109-4
20803,1002-2
20804,3326-5
20805,5516-2
20806,1127-2
20807,3320-2
20808,5516-1
20809,6611-1
20810,1120-5
20811,1106-2
20812,2223-2
20813,5521-1
20814,2238-2
20815,3337-5
20816,3322-5
20817,6601-1
20818,2209-3
20819,2242-2
20820,5001-1
20821,1001-3
20822,3327-4
20823,3401-6
20824,1108-6
20825,1113-5
20826,2225-2
20827,5505-1
20828,2225-4
20829,1114-4
20830,3309-4
20831,2232-4
20832,2215-2
20833,1114-6
20834,1103-1
20835,1121-1
20836,1134-6
20837,3331-3
20838,1001-6
20839,3334-1
20840,2234-2
20841,2301-6
20842,3328-1
20843,3324-2
20844,2227-4
20845,1112-5
20846,1002-5
20847,3327-3
20848,2223-4
20849,2229-3
20850,4407-4
20851,2237-1
20852,4414-3
20853,5505-4
20854,2255-1
20855,3346-5
20856,5522-2
20857,3309-6
20858,1111-4
20859,2212-4
20860,1123-2
20861,4406-5
20862,4412-3
20863,1110-1
20864,3324-4
20865,5503-3
20866,4406-4
20867,1120-4
20868,2201-3
20869,3314-2
20870,5509-6
20871,2253-2
20872,3306-1
20873,5522-6
20874,4402-2
20875,3350-4
20876,2256-2
20877,1142-4
20878,2203-1
20879,3337-1
20880,2212-5
20881,6612-3
20882,3315-1
20883,6609-2
20884,3327-5
20885,2217-5
20886,3320-5
20887,2211-5
20888,1107-2
20889,3314-1
20890,5513-3
20891,6601-4
20892,1113-1
20893,2210-5
20894,2246-1
20895,5518-5
20896,1125-1
20897,1139-6
20898,5503-4
20899,5515-3
20900,2255-1
20901,3305-5
20902,1132-1
20903,5510-3
20904,1116-1
20905,1123-2
20906,4403-1
20907,5510-3
20908,3340-2
20909,5514-3
20910,2229-2
20911,3318-1
20912,6609-2
20913,2215-5
20914,3344-2
20915,2214-1
20916,2206-3
20917,4411-3
20918,3343-1
20919,2224-2
20920,5517-2
20921,5508-2
20922,4406-4
20923,5509-2
20924,3343-5
20925,1141-1
20926,1126-6
20927,1125-3
20928,2250-4
20929,2237-1
20930,2228-6
20931,2246-6
20932,5522-5
20933,2232-3
20934,5512-2
20935,2222-3
20936,2224-4
20937,3308-4
20938,1110-5
20939,3316-1
20940,1119-5
20941,2251-3
20942,3332-2
20943,3327-1
20944,3315-4
20945,2250-3
20946,6601-1
20947,3340-1
20948,1106-1
20949,1116-3
20950,5503-4
20951,3324-2
20952,2250-2
20953,2227-2
20954,1303-2
20955,1003-5
20956,2248-2
20957,1135-1
20958,3349-1
20959,2233-2
20960,1136-2
20961,4406-2
20962,2245-4
20963,2258-3
20964,1303-2
20965,1131-3
20966,2236-3
20967,5504-2
20968,3344-1
20969,1140-1
20970,1108-4
20971,4402-3
20972,3304-1
20973,5506-2
20974,4414-3
20975,1129-2
20976,5501-4
20977,1137-4
20978,3341-2
20979,1121-2
20980,6608-5
20981,1146-5
20982,2237-2
20983,2250-3
20984,6606-4
20985,5517-5
20986,1120-2
20987,6601-2
20988,4413-4
20989,5504-1
20990,4414-6
20991,3324-6
20992,3333-1
20993,1113-2
20994,3301-5
20995,2222-4
20996,4406-5
20997,2217-1
20998,4414-3
20999,1115-2
21000,2232-1
